WIFI_0_BSSID,WIFI_1_BSSID,WIFI_2_BSSID,WIFI_3_BSSID,WIFI_4_BSSID,WIFI_0_LEVEL,WIFI_1_LEVEL,WIFI_2_LEVEL,WIFI_3_LEVEL,WIFI_4_LEVEL,MAGNETIC_FIELD_uT,LOCATION,
f4:2e:7f:79:98:f2,f4:2e:7f:79:98:f6,f4:2e:7f:79:98:f3,f4:2e:7f:79:98:f4,f4:2e:7f:79:98:f5,-50,-59,-60,-60,-60,34.13249331,indoor,
f4:2e:7f:79:98:f2,f4:2e:7f:79:98:f6,f4:2e:7f:79:98:f3,f4:2e:7f:79:98:f4,f4:2e:7f:79:98:f5,-50,-59,-60,-60,-60,34.15263304,indoor,
f4:2e:7f:79:98:f2,f4:2e:7f:79:98:f3,f4:2e:7f:79:98:f4,f4:2e:7f:79:98:f5,f4:2e:7f:79:98:f6,-47,-49,-49,-49,-49,34.61676875,indoor,
f4:2e:7f:79:98:f2,f4:2e:7f:79:98:f3,f4:2e:7f:79:98:f5,f4:2e:7f:79:98:f6,f4:2e:7f:79:98:f4,-50,-52,-53,-53,-55,35.07541923,indoor,
f4:2e:7f:79:98:f3,f4:2e:7f:79:98:f4,f4:2e:7f:79:98:f5,f4:2e:7f:79:98:f2,f4:2e:7f:79:98:f6,-53,-53,-53,-53,-54,35.88248677,indoor,
f4:2e:7f:79:98:f2,f4:2e:7f:79:98:f3,f4:2e:7f:79:98:f4,f4:2e:7f:79:98:f5,f4:2e:7f:79:98:f6,-58,-60,-60,-60,-60,36.14853459,indoor,
f4:2e:7f:79:98:f2,f4:2e:7f:79:98:f3,f4:2e:7f:79:98:f5,f4:2e:7f:79:98:f6,f4:2e:7f:79:98:f4,-54,-59,-59,-59,-60,35.97725383,indoor,
f4:2e:7f:79:98:f2,f4:2e:7f:79:98:f3,f4:2e:7f:79:98:f4,f4:2e:7f:79:98:f5,f4:2e:7f:79:98:f6,-56,-61,-62,-62,-62,34.5175878,indoor,
f4:2e:7f:79:98:f2,f4:2e:7f:79:98:f3,f4:2e:7f:79:98:f4,f4:2e:7f:79:98:f5,f4:2e:7f:79:98:f6,-56,-61,-62,-62,-62,34.77515319,indoor,
f4:2e:7f:79:98:f2,f4:2e:7f:79:a3:23,f4:2e:7f:79:a3:32,f4:2e:7f:79:a3:33,f4:2e:7f:79:a3:36,-54,-67,-69,-69,-69,34.87181815,indoor,
f4:2e:7f:79:98:f2,f4:2e:7f:79:a3:23,f4:2e:7f:79:a3:32,f4:2e:7f:79:a3:33,f4:2e:7f:79:a3:36,-54,-67,-69,-69,-69,40.60850326,indoor,
f4:2e:7f:79:98:f2,f4:2e:7f:79:98:f3,f4:2e:7f:79:98:f4,f4:2e:7f:79:98:f5,f4:2e:7f:79:98:f6,-57,-61,-61,-61,-62,40.66425387,indoor,
f4:2e:7f:79:98:f4,f4:2e:7f:79:98:f5,f4:2e:7f:79:98:f6,f4:2e:7f:79:98:f3,f4:2e:7f:79:98:f2,-55,-55,-55,-56,-57,40.2193024,indoor,
f4:2e:7f:79:98:f4,f4:2e:7f:79:98:f5,f4:2e:7f:79:98:f6,f4:2e:7f:79:98:f3,f4:2e:7f:79:98:f2,-55,-55,-55,-56,-57,38.89855126,indoor,
f4:2e:7f:79:98:f2,f4:2e:7f:79:98:f3,f4:2e:7f:79:98:f4,f4:2e:7f:79:98:f5,f4:2e:7f:79:98:f6,-55,-57,-57,-57,-57,38.16375464,indoor,
f4:2e:7f:79:98:f2,f4:2e:7f:79:98:f6,f4:2e:7f:79:98:f3,f4:2e:7f:79:98:f4,f4:2e:7f:79:98:f5,-53,-54,-55,-55,-55,35.61193908,indoor,
f4:2e:7f:79:98:f2,f4:2e:7f:79:98:f6,f4:2e:7f:79:98:f3,f4:2e:7f:79:98:f4,f4:2e:7f:79:98:f5,-53,-54,-55,-55,-55,36.57072891,indoor,
f4:2e:7f:79:98:f3,f4:2e:7f:79:98:f4,f4:2e:7f:79:98:f5,f4:2e:7f:79:98:f6,f4:2e:7f:79:a3:26,-57,-57,-57,-57,-60,35.56542442,indoor,
f4:2e:7f:79:98:f3,f4:2e:7f:79:98:f4,f4:2e:7f:79:98:f5,f4:2e:7f:79:98:f6,f4:2e:7f:79:a3:26,-57,-57,-57,-57,-60,31.35272666,indoor,
f4:2e:7f:79:98:f3,f4:2e:7f:79:98:f4,f4:2e:7f:79:98:f5,f4:2e:7f:79:98:f6,f4:2e:7f:79:98:f2,-52,-52,-52,-52,-60,32.59339608,indoor,
f4:2e:7f:79:98:f3,f4:2e:7f:79:98:f5,f4:2e:7f:79:98:f6,f4:2e:7f:79:98:f4,f4:2e:7f:79:98:f2,-52,-52,-52,-54,-55,32.88076418,indoor,
f4:2e:7f:79:98:f3,f4:2e:7f:79:98:f5,f4:2e:7f:79:98:f6,f4:2e:7f:79:98:f4,f4:2e:7f:79:98:f2,-52,-52,-52,-54,-55,33.8296586,indoor,
f4:2e:7f:79:98:f2,f4:2e:7f:79:98:f3,f4:2e:7f:79:98:f4,f4:2e:7f:79:98:f5,f4:2e:7f:79:98:f6,-49,-51,-51,-51,-51,35.0453668,indoor,
f4:2e:7f:79:98:f2,f4:2e:7f:79:98:f3,f4:2e:7f:79:98:f4,f4:2e:7f:79:98:f5,f4:2e:7f:79:98:f6,-50,-53,-53,-53,-53,37.68582377,indoor,
f4:2e:7f:79:98:f2,f4:2e:7f:79:98:f3,f4:2e:7f:79:98:f4,f4:2e:7f:79:98:f5,f4:2e:7f:79:98:f6,-50,-53,-53,-53,-53,39.54125059,indoor,
f4:2e:7f:79:98:f3,f4:2e:7f:79:98:f4,f4:2e:7f:79:98:f5,f4:2e:7f:79:98:f6,f4:2e:7f:79:98:f2,-51,-51,-51,-51,-52,34.85130594,indoor,
f4:2e:7f:79:98:f3,f4:2e:7f:79:98:f4,f4:2e:7f:79:98:f5,f4:2e:7f:79:98:f6,f4:2e:7f:79:98:f2,-51,-51,-51,-51,-52,41.27259384,indoor,
f4:2e:7f:79:98:f2,f4:2e:7f:79:98:f3,f4:2e:7f:79:98:f4,f4:2e:7f:79:98:f5,f4:2e:7f:79:98:f6,-56,-57,-57,-57,-57,41.33847785,indoor,
f4:2e:7f:79:98:f2,f4:2e:7f:79:98:f6,f4:2e:7f:79:98:f3,f4:2e:7f:79:98:f4,f4:2e:7f:79:98:f5,-51,-56,-57,-57,-57,40.66449402,indoor,
f4:2e:7f:79:98:f2,f4:2e:7f:79:98:f6,f4:2e:7f:79:98:f3,f4:2e:7f:79:98:f4,f4:2e:7f:79:98:f5,-51,-56,-57,-57,-57,40.30153981,indoor,
f4:2e:7f:79:98:e5,f4:2e:7f:79:98:f2,f4:2e:7f:79:98:e6,f4:2e:7f:79:a3:23,f4:2e:7f:79:a3:24,-53,-55,-55,-67,-67,36.32642637,indoor,
f4:2e:7f:79:98:e5,f4:2e:7f:79:98:f2,f4:2e:7f:79:98:e6,f4:2e:7f:79:a3:23,f4:2e:7f:79:a3:24,-53,-55,-55,-67,-67,36.1552135,indoor,
f4:2e:7f:79:98:f2,f4:2e:7f:79:98:f6,f4:2e:7f:79:98:f3,f4:2e:7f:79:98:f4,f4:2e:7f:79:98:f5,-43,-44,-45,-45,-45,36.99044429,indoor,
f4:2e:7f:79:98:f3,f4:2e:7f:79:98:f4,f4:2e:7f:79:98:f5,f4:2e:7f:79:98:f6,f4:2e:7f:79:98:e3,-39,-39,-39,-39,-42,34.63091175,indoor,
f4:2e:7f:79:98:f3,f4:2e:7f:79:98:f4,f4:2e:7f:79:98:f5,f4:2e:7f:79:98:f6,f4:2e:7f:79:98:e3,-39,-39,-39,-39,-42,32.16409381,indoor,
f4:2e:7f:79:98:f2,f4:2e:7f:79:98:f3,f4:2e:7f:79:98:f4,f4:2e:7f:79:98:f5,f4:2e:7f:79:98:f6,-54,-57,-57,-57,-57,36.61936017,indoor,
f4:2e:7f:79:98:f2,f4:2e:7f:79:98:f3,f4:2e:7f:79:98:f4,f4:2e:7f:79:98:f5,f4:2e:7f:79:98:f6,-54,-57,-57,-57,-57,42.92541707,indoor,
f4:2e:7f:79:98:f4,f4:2e:7f:79:98:f5,f4:2e:7f:79:98:f6,f4:2e:7f:79:98:f2,f4:2e:7f:79:98:e3,-53,-53,-53,-53,-60,41.33073893,indoor,
f4:2e:7f:79:98:f4,f4:2e:7f:79:98:f5,f4:2e:7f:79:98:f6,f4:2e:7f:79:98:f2,f4:2e:7f:79:98:e3,-53,-53,-53,-53,-60,31.25450456,indoor,
f4:2e:7f:79:98:f2,f4:2e:7f:79:98:f4,f4:2e:7f:79:98:f5,f4:2e:7f:79:98:f6,f4:2e:7f:79:98:f3,-43,-44,-44,-44,-45,51.20978796,indoor,
f4:2e:7f:79:98:f5,f4:2e:7f:79:98:f6,f4:2e:7f:79:98:f3,f4:2e:7f:79:98:f4,f4:2e:7f:79:98:f2,-56,-57,-58,-58,-58,42.07133602,indoor,
f4:2e:7f:79:98:e3,f4:2e:7f:79:98:e5,f4:2e:7f:79:98:e4,f4:2e:7f:79:98:e6,f4:2e:7f:79:98:f3,-54,-54,-55,-55,-58,46.83248593,indoor,
f4:2e:7f:79:98:e3,f4:2e:7f:79:98:e5,f4:2e:7f:79:98:e4,f4:2e:7f:79:98:e6,f4:2e:7f:79:98:f3,-54,-54,-55,-55,-58,49.9896962,indoor,
f4:2e:7f:79:98:e3,f4:2e:7f:79:98:e4,f4:2e:7f:79:98:e5,f4:2e:7f:79:98:e6,f4:2e:7f:79:98:e2,-51,-51,-51,-51,-52,49.1080352,indoor,
f4:2e:7f:79:98:e3,f4:2e:7f:79:98:e4,f4:2e:7f:79:98:e5,f4:2e:7f:79:98:e6,f4:2e:7f:79:98:e2,-51,-51,-51,-51,-52,49.66103855,indoor,
f4:2e:7f:79:98:f2,f4:2e:7f:79:98:f3,f4:2e:7f:79:98:f4,f4:2e:7f:79:98:f5,f4:2e:7f:79:98:f6,-56,-63,-63,-63,-63,43.71683174,indoor,
f4:2e:7f:79:98:f2,f4:2e:7f:79:98:f3,f4:2e:7f:79:98:f4,f4:2e:7f:79:98:f5,f4:2e:7f:79:98:f6,-56,-62,-62,-62,-62,47.47307779,indoor,
f4:2e:7f:79:98:f3,f4:2e:7f:79:98:f4,f4:2e:7f:79:98:f5,f4:2e:7f:79:98:f6,f4:2e:7f:79:98:f2,-57,-57,-57,-57,-60,61.21807004,indoor,
f4:2e:7f:79:98:f3,f4:2e:7f:79:98:f4,f4:2e:7f:79:98:f5,f4:2e:7f:79:98:f6,f4:2e:7f:79:98:f2,-57,-57,-57,-57,-60,61.43076006,indoor,
f4:2e:7f:79:98:f2,f4:2e:7f:79:98:f4,f4:2e:7f:79:98:f6,f4:2e:7f:79:98:f3,f4:2e:7f:79:98:f5,-59,-66,-66,-67,-67,45.02473956,indoor,
f4:2e:7f:79:98:f5,f4:2e:7f:79:98:f3,f4:2e:7f:79:98:f4,f4:2e:7f:79:98:f6,f4:2e:7f:79:98:e3,-51,-52,-52,-52,-56,38.10535002,indoor,
f4:2e:7f:79:98:f5,f4:2e:7f:79:98:f3,f4:2e:7f:79:98:f4,f4:2e:7f:79:98:f6,f4:2e:7f:79:98:e3,-51,-52,-52,-52,-56,34.65674136,indoor,
f4:2e:7f:79:98:f2,f4:2e:7f:79:98:e3,f4:2e:7f:79:98:e4,f4:2e:7f:79:98:e5,f4:2e:7f:79:98:e6,-52,-53,-53,-53,-53,39.49135215,indoor,
f4:2e:7f:79:98:f2,f4:2e:7f:79:98:e3,f4:2e:7f:79:98:e4,f4:2e:7f:79:98:e5,f4:2e:7f:79:98:e6,-52,-53,-53,-53,-53,37.86084364,indoor,
f4:2e:7f:79:98:f5,f4:2e:7f:79:98:f6,f4:2e:7f:79:98:f2,f4:2e:7f:79:98:f3,f4:2e:7f:79:98:f4,-50,-50,-50,-51,-51,36.68901389,indoor,
f4:2e:7f:79:98:f5,f4:2e:7f:79:98:f6,f4:2e:7f:79:98:f2,f4:2e:7f:79:98:f3,f4:2e:7f:79:98:f4,-50,-50,-50,-51,-51,35.8334397,indoor,
f4:2e:7f:79:98:f2,f4:2e:7f:79:98:f3,f4:2e:7f:79:98:f4,f4:2e:7f:79:98:f5,f4:2e:7f:79:98:f6,-47,-49,-49,-49,-49,35.80913556,indoor,
f4:2e:7f:79:98:f2,f4:2e:7f:79:98:f3,f4:2e:7f:79:98:f4,f4:2e:7f:79:98:f5,f4:2e:7f:79:98:f6,-44,-45,-45,-45,-45,38.23705357,indoor,
f4:2e:7f:79:98:f2,f4:2e:7f:79:98:f3,f4:2e:7f:79:98:f4,f4:2e:7f:79:98:f5,f4:2e:7f:79:98:f6,-44,-45,-45,-45,-45,40.40942805,indoor,
f4:2e:7f:79:98:f3,f4:2e:7f:79:98:f4,f4:2e:7f:79:98:f5,f4:2e:7f:79:98:f2,f4:2e:7f:79:98:f0,-51,-51,-51,-51,-51,39.26816484,indoor,
f4:2e:7f:79:98:f3,f4:2e:7f:79:98:f4,f4:2e:7f:79:98:f5,f4:2e:7f:79:98:f6,f4:2e:7f:79:98:e3,-62,-62,-62,-62,-62,40.65537927,indoor,
f4:2e:7f:79:98:f3,f4:2e:7f:79:98:f4,f4:2e:7f:79:98:f5,f4:2e:7f:79:98:f6,f4:2e:7f:79:98:e3,-62,-62,-62,-62,-62,36.31698418,indoor,
f4:2e:7f:79:98:f2,f4:2e:7f:79:a3:32,f4:2e:7f:79:a3:33,f4:2e:7f:79:98:f4,f4:2e:7f:79:a3:34,-62,-64,-64,-64,-65,40.06238269,indoor,
f4:2e:7f:79:98:f3,f4:2e:7f:79:98:f4,f4:2e:7f:79:98:f5,f4:2e:7f:79:98:f6,f4:2e:7f:79:98:f2,-57,-57,-57,-57,-57,40.45985363,indoor,
f4:2e:7f:79:98:f3,f4:2e:7f:79:98:f4,f4:2e:7f:79:98:f5,f4:2e:7f:79:98:f6,f4:2e:7f:79:98:f2,-57,-57,-57,-57,-57,34.58612191,indoor,
f4:2e:7f:79:98:f4,f4:2e:7f:79:98:f3,f4:2e:7f:79:98:f5,f4:2e:7f:79:98:f6,f4:2e:7f:79:98:f2,-48,-49,-49,-49,-49,40.76530759,indoor,
f4:2e:7f:79:98:f4,f4:2e:7f:79:98:f3,f4:2e:7f:79:98:f5,f4:2e:7f:79:98:f6,f4:2e:7f:79:98:f2,-48,-49,-49,-49,-49,36.62119521,indoor,
f4:2e:7f:79:98:f3,f4:2e:7f:79:98:f5,f4:2e:7f:79:98:f6,f4:2e:7f:79:98:f4,f4:2e:7f:79:98:f2,-52,-52,-52,-55,-56,36.61349942,indoor,
f4:2e:7f:79:98:f3,f4:2e:7f:79:98:f4,f4:2e:7f:79:98:f5,f4:2e:7f:79:98:f6,f4:2e:7f:79:98:f0,-53,-53,-53,-53,-53,38.79030477,indoor,
f4:2e:7f:79:98:f2,f4:2e:7f:79:a3:22,f4:2e:7f:79:a3:23,f4:2e:7f:79:a3:32,f4:2e:7f:79:a3:33,-57,-76,-76,-82,-83,44.61635508,indoor,
f4:2e:7f:79:98:f2,f4:2e:7f:79:a3:22,f4:2e:7f:79:a3:23,f4:2e:7f:79:a3:32,f4:2e:7f:79:a3:33,-57,-76,-76,-82,-83,33.65404473,indoor,
f4:2e:7f:79:98:f4,f4:2e:7f:79:98:f6,f4:2e:7f:79:98:f3,f4:2e:7f:79:98:f5,f4:2e:7f:79:98:f2,-53,-54,-55,-55,-64,70.34770646,indoor,
f4:2e:7f:79:98:f4,f4:2e:7f:79:98:f6,f4:2e:7f:79:98:f3,f4:2e:7f:79:98:f5,f4:2e:7f:79:98:f2,-53,-54,-55,-55,-64,70.28293823,indoor,
f4:2e:7f:79:98:f3,f4:2e:7f:79:98:f2,f4:2e:7f:79:98:f4,f4:2e:7f:79:98:f5,f4:2e:7f:79:98:f6,-54,-54,-55,-55,-55,57.81373943,indoor,
f4:2e:7f:79:98:f3,f4:2e:7f:79:98:f2,f4:2e:7f:79:98:f4,f4:2e:7f:79:98:f5,f4:2e:7f:79:98:f6,-54,-54,-55,-55,-55,53.57622253,indoor,
f4:2e:7f:79:98:f3,f4:2e:7f:79:98:f5,f4:2e:7f:79:98:f6,f4:2e:7f:79:98:f4,f4:2e:7f:79:98:f2,-59,-59,-59,-60,-63,54.12052522,indoor,
f4:2e:7f:79:98:f3,f4:2e:7f:79:98:f5,f4:2e:7f:79:98:f6,f4:2e:7f:79:98:f4,f4:2e:7f:79:98:f2,-59,-59,-59,-60,-63,45.28745267,indoor,
f4:2e:7f:79:98:f3,f4:2e:7f:79:98:f5,f4:2e:7f:79:98:f6,f4:2e:7f:79:98:f4,f4:2e:7f:79:98:f2,-59,-59,-59,-60,-63,43.75221395,indoor,
f4:2e:7f:79:98:f3,f4:2e:7f:79:98:f5,f4:2e:7f:79:98:f6,f4:2e:7f:79:98:f4,f4:2e:7f:79:98:f2,-59,-59,-59,-60,-63,43.76669743,indoor,
f4:2e:7f:79:98:f3,f4:2e:7f:79:98:f5,f4:2e:7f:79:98:f6,f4:2e:7f:79:98:f4,f4:2e:7f:79:98:f2,-59,-59,-59,-60,-63,43.93010084,indoor,
f4:2e:7f:79:98:f4,f4:2e:7f:79:98:f5,f4:2e:7f:79:98:f6,f4:2e:7f:79:98:f2,f4:2e:7f:79:a3:36,-52,-52,-53,-57,-70,51.30460363,indoor,
f4:2e:7f:79:98:f4,f4:2e:7f:79:98:f5,f4:2e:7f:79:98:f6,f4:2e:7f:79:98:f2,f4:2e:7f:79:a3:36,-52,-52,-53,-57,-70,50.18303656,indoor,
f4:2e:7f:79:98:f3,f4:2e:7f:79:98:f4,f4:2e:7f:79:98:f5,f4:2e:7f:79:98:f6,f4:2e:7f:79:98:f2,-60,-60,-60,-60,-61,50.23880472,indoor,
f4:2e:7f:79:98:f3,f4:2e:7f:79:98:f5,f4:2e:7f:79:98:f6,f4:2e:7f:79:98:f4,f4:2e:7f:79:98:f2,-65,-65,-65,-66,-68,50.03965469,indoor,
f4:2e:7f:79:98:f3,f4:2e:7f:79:98:f5,f4:2e:7f:79:98:f6,f4:2e:7f:79:98:f4,f4:2e:7f:79:98:f2,-65,-65,-65,-66,-68,54.87699758,indoor,
f4:2e:7f:79:98:f2,f4:2e:7f:79:a3:32,f4:2e:7f:79:a3:34,f4:2e:7f:79:a3:35,f4:2e:7f:79:a3:36,-62,-75,-75,-75,-75,60.03435093,indoor,
f4:2e:7f:79:98:f2,f4:2e:7f:79:a3:32,f4:2e:7f:79:a3:34,f4:2e:7f:79:a3:35,f4:2e:7f:79:a3:36,-62,-75,-75,-75,-75,60.09349405,indoor,
f4:2e:7f:79:98:f2,f4:2e:7f:79:98:f5,f4:2e:7f:79:98:f3,f4:2e:7f:79:98:f4,f4:2e:7f:79:98:f6,-60,-64,-65,-65,-65,60.13316115,indoor,
f4:2e:7f:79:98:f2,f4:2e:7f:79:98:f5,f4:2e:7f:79:98:f3,f4:2e:7f:79:98:f4,f4:2e:7f:79:98:f6,-60,-64,-65,-65,-65,45.71815458,indoor,
f4:2e:7f:79:98:f3,f4:2e:7f:79:98:f4,f4:2e:7f:79:98:f5,f4:2e:7f:79:98:f6,f4:2e:7f:79:98:f2,-57,-57,-57,-57,-57,37.41739926,indoor,
f4:2e:7f:79:a3:26,f4:2e:7f:79:a3:25,f4:2e:7f:79:a3:24,f4:2e:7f:79:a3:23,f4:2e:7f:79:a3:32,-63,-63,-63,-63,-69,30.76166592,indoor,
f4:2e:7f:79:a3:26,f4:2e:7f:79:a3:25,f4:2e:7f:79:a3:24,f4:2e:7f:79:a3:23,f4:2e:7f:79:a3:32,-63,-63,-63,-63,-69,30.96258946,indoor,
f4:2e:7f:79:98:f2,f4:2e:7f:79:98:f6,f4:2e:7f:79:98:f3,f4:2e:7f:79:98:f4,f4:2e:7f:79:98:f5,-57,-62,-63,-63,-63,31.01701823,indoor,
f4:2e:7f:79:98:f2,f4:2e:7f:79:98:f3,f4:2e:7f:79:98:f4,f4:2e:7f:79:98:f5,f4:2e:7f:79:a3:26,-55,-58,-58,-58,-65,30.70994974,indoor,
f4:2e:7f:79:98:f2,f4:2e:7f:79:a3:23,f4:2e:7f:79:a3:32,f4:2e:7f:79:a3:33,f4:2e:7f:79:a3:34,-58,-63,-68,-68,-68,29.50269577,indoor,
f4:2e:7f:79:98:f2,f4:2e:7f:79:a3:23,f4:2e:7f:79:a3:32,f4:2e:7f:79:a3:33,f4:2e:7f:79:a3:34,-58,-63,-68,-68,-68,32.67873404,indoor,
f4:2e:7f:79:98:f6,f4:2e:7f:79:98:f3,f4:2e:7f:79:98:f4,f4:2e:7f:79:98:f5,f4:2e:7f:79:98:f2,-59,-60,-60,-60,-60,32.79066424,indoor,
f4:2e:7f:79:98:f6,f4:2e:7f:79:98:f3,f4:2e:7f:79:98:f4,f4:2e:7f:79:98:f5,f4:2e:7f:79:98:f2,-59,-60,-60,-60,-60,32.68671202,indoor,
f4:2e:7f:79:98:f6,f4:2e:7f:79:98:f2,f4:2e:7f:79:98:f3,f4:2e:7f:79:98:f4,f4:2e:7f:79:98:f5,-58,-58,-59,-59,-59,32.76588579,indoor,
f4:2e:7f:79:98:f2,f4:2e:7f:79:a3:25,f4:2e:7f:79:a3:24,f4:2e:7f:79:a3:23,f4:2e:7f:79:a3:26,-56,-60,-61,-61,-62,36.5345847,indoor,
f4:2e:7f:79:98:f2,f4:2e:7f:79:a3:25,f4:2e:7f:79:a3:24,f4:2e:7f:79:a3:23,f4:2e:7f:79:a3:26,-56,-60,-61,-61,-62,36.52689238,indoor,
f4:2e:7f:79:a3:26,f4:2e:7f:79:a3:25,f4:2e:7f:79:a3:24,f4:2e:7f:79:a3:23,f4:2e:7f:79:a3:22,-55,-55,-55,-55,-55,36.6103703,indoor,
f4:2e:7f:79:a3:26,f4:2e:7f:79:a3:25,f4:2e:7f:79:a3:24,f4:2e:7f:79:a3:23,f4:2e:7f:79:a3:22,-55,-55,-55,-55,-55,37.35436401,indoor,
f4:2e:7f:79:98:f2,f4:2e:7f:79:98:f0,f4:2e:7f:79:98:f5,f4:2e:7f:79:98:f6,f4:2e:7f:79:98:f3,-54,-55,-57,-57,-58,35.02151613,indoor,
f4:2e:7f:79:98:f2,f4:2e:7f:79:98:f0,f4:2e:7f:79:98:f5,f4:2e:7f:79:98:f6,f4:2e:7f:79:98:f3,-54,-55,-57,-57,-58,34.92401594,indoor,
f4:2e:7f:79:98:f3,f4:2e:7f:79:98:f4,f4:2e:7f:79:98:f2,f4:2e:7f:79:98:f5,f4:2e:7f:79:98:f6,-54,-55,-55,-56,-56,34.89444183,indoor,
f4:2e:7f:79:98:f2,f4:2e:7f:79:98:f3,f4:2e:7f:79:98:f4,f4:2e:7f:79:98:f5,f4:2e:7f:79:98:f6,-58,-62,-62,-62,-62,37.36990291,indoor,
f4:2e:7f:79:98:f2,f4:2e:7f:79:98:f3,f4:2e:7f:79:98:f4,f4:2e:7f:79:98:f5,f4:2e:7f:79:98:f6,-58,-62,-62,-62,-62,41.93663695,indoor,
f4:2e:7f:79:98:f3,f4:2e:7f:79:98:f2,f4:2e:7f:79:98:f4,f4:2e:7f:79:98:f5,f4:2e:7f:79:98:f6,-53,-53,-54,-54,-54,114.7371444,indoor,
f4:2e:7f:79:98:f2,f4:2e:7f:79:a3:25,f4:2e:7f:79:a3:24,f4:2e:7f:79:a3:23,f4:2e:7f:79:a3:22,-54,-59,-59,-59,-59,114.8684242,indoor,
f4:2e:7f:79:98:f2,f4:2e:7f:79:a3:25,f4:2e:7f:79:a3:24,f4:2e:7f:79:a3:23,f4:2e:7f:79:a3:22,-54,-59,-59,-59,-59,114.9203783,indoor,
f4:2e:7f:79:98:f2,f4:2e:7f:79:98:f3,f4:2e:7f:79:98:f4,f4:2e:7f:79:98:f5,f4:2e:7f:79:98:f6,-55,-56,-56,-56,-56,114.797831,indoor,
f4:2e:7f:79:98:f2,f4:2e:7f:79:98:f3,f4:2e:7f:79:98:f4,f4:2e:7f:79:98:f5,f4:2e:7f:79:98:f6,-55,-56,-56,-56,-56,114.8132357,indoor,
f4:2e:7f:79:98:f3,f4:2e:7f:79:98:f4,f4:2e:7f:79:98:f5,f4:2e:7f:79:98:f6,f4:2e:7f:79:98:f2,-56,-57,-57,-57,-57,114.8072944,indoor,
f4:2e:7f:79:98:f3,f4:2e:7f:79:98:f4,f4:2e:7f:79:98:f5,f4:2e:7f:79:98:f6,f4:2e:7f:79:a3:26,-55,-55,-55,-55,-59,36.23754669,indoor,
f4:2e:7f:79:98:f2,f4:2e:7f:79:98:f3,f4:2e:7f:79:98:f4,f4:2e:7f:79:98:f5,f4:2e:7f:79:98:f6,-50,-51,-51,-52,-52,35.71982822,indoor,
f4:2e:7f:79:98:f2,f4:2e:7f:79:98:f3,f4:2e:7f:79:98:f4,f4:2e:7f:79:98:f5,f4:2e:7f:79:98:f6,-50,-51,-51,-52,-52,34.58430596,indoor,
f4:2e:7f:79:98:f3,f4:2e:7f:79:98:f6,f4:2e:7f:79:98:f4,f4:2e:7f:79:98:f5,f4:2e:7f:79:98:f2,-50,-50,-51,-51,-61,34.31588312,indoor,
f4:2e:7f:79:98:f3,f4:2e:7f:79:98:f6,f4:2e:7f:79:98:f4,f4:2e:7f:79:98:f5,f4:2e:7f:79:98:f2,-50,-50,-51,-51,-61,40.21592872,indoor,
f4:2e:7f:79:98:f3,f4:2e:7f:79:98:f4,f4:2e:7f:79:98:f5,f4:2e:7f:79:98:f6,f4:2e:7f:79:98:f2,-53,-53,-53,-53,-55,60.25640607,indoor,
f4:2e:7f:79:98:f3,f4:2e:7f:79:98:f4,f4:2e:7f:79:98:f5,f4:2e:7f:79:98:f6,f4:2e:7f:79:98:f2,-53,-53,-53,-53,-55,60.19498753,indoor,
f4:2e:7f:79:98:f2,f4:2e:7f:79:98:f3,f4:2e:7f:79:98:f4,f4:2e:7f:79:98:f5,f4:2e:7f:79:98:f6,-55,-56,-56,-56,-56,60.14501721,indoor,
f4:2e:7f:79:98:f3,f4:2e:7f:79:98:f4,f4:2e:7f:79:98:f5,f4:2e:7f:79:98:f6,f4:2e:7f:79:98:f2,-56,-56,-56,-56,-56,60.23511065,indoor,
f4:2e:7f:79:98:f3,f4:2e:7f:79:98:f4,f4:2e:7f:79:98:f5,f4:2e:7f:79:98:f6,f4:2e:7f:79:98:f2,-56,-56,-56,-56,-58,60.36340954,indoor,
f4:2e:7f:79:98:f3,f4:2e:7f:79:98:f4,f4:2e:7f:79:98:f5,f4:2e:7f:79:98:f6,f4:2e:7f:79:98:f2,-56,-56,-56,-56,-58,33.96993587,indoor,
f4:2e:7f:79:98:f3,f4:2e:7f:79:98:f4,f4:2e:7f:79:98:f5,f4:2e:7f:79:98:f6,f4:2e:7f:79:98:f2,-47,-47,-47,-47,-48,37.72534183,indoor,
f4:2e:7f:79:98:f3,f4:2e:7f:79:98:f4,f4:2e:7f:79:98:f5,f4:2e:7f:79:98:f6,f4:2e:7f:79:98:f2,-47,-47,-47,-47,-48,36.33455924,indoor,
f4:2e:7f:79:98:f3,f4:2e:7f:79:98:f5,f4:2e:7f:79:98:f4,f4:2e:7f:79:98:f6,f4:2e:7f:79:98:f2,-46,-46,-48,-48,-50,40.77569706,indoor,
f4:2e:7f:79:98:f3,f4:2e:7f:79:98:f4,f4:2e:7f:79:98:f5,f4:2e:7f:79:98:f2,f4:2e:7f:79:98:f6,-58,-58,-58,-58,-59,40.73475558,indoor,
f4:2e:7f:79:98:f5,f4:2e:7f:79:98:f3,f4:2e:7f:79:98:f4,f4:2e:7f:79:98:f6,f4:2e:7f:79:98:f2,-56,-57,-57,-57,-58,40.58919396,indoor,
f4:2e:7f:79:98:f5,f4:2e:7f:79:98:f3,f4:2e:7f:79:98:f4,f4:2e:7f:79:98:f6,f4:2e:7f:79:98:f2,-56,-57,-57,-57,-58,33.49010173,indoor,
f4:2e:7f:79:98:f3,f4:2e:7f:79:98:f4,f4:2e:7f:79:98:f5,f4:2e:7f:79:98:f6,f4:2e:7f:79:98:f2,-57,-57,-57,-57,-61,26.43142176,indoor,
f4:2e:7f:79:98:f5,f4:2e:7f:79:98:f6,f4:2e:7f:79:98:f3,f4:2e:7f:79:98:f4,f4:2e:7f:79:98:f2,-54,-54,-55,-55,-58,26.06856358,indoor,
f4:2e:7f:79:98:f5,f4:2e:7f:79:98:f6,f4:2e:7f:79:98:f3,f4:2e:7f:79:98:f4,f4:2e:7f:79:98:f2,-54,-54,-55,-55,-58,28.71523671,indoor,
f4:2e:7f:79:98:f3,f4:2e:7f:79:98:f4,f4:2e:7f:79:98:f5,f4:2e:7f:79:98:f6,f4:2e:7f:79:98:f2,-56,-56,-56,-56,-56,65.13954747,indoor,
f4:2e:7f:79:98:f3,f4:2e:7f:79:98:f4,f4:2e:7f:79:98:f5,f4:2e:7f:79:98:f6,f4:2e:7f:79:98:f2,-56,-56,-56,-56,-56,65.02539693,indoor,
f4:2e:7f:79:98:f3,f4:2e:7f:79:98:f4,f4:2e:7f:79:98:f5,f4:2e:7f:79:98:f6,f4:2e:7f:79:98:f2,-56,-56,-56,-56,-56,34.03458575,indoor,
f4:2e:7f:79:98:f3,f4:2e:7f:79:98:f6,f4:2e:7f:79:98:f4,f4:2e:7f:79:98:f5,f4:2e:7f:79:98:f2,-48,-48,-49,-49,-49,35.12073901,indoor,
f4:2e:7f:79:98:f2,f4:2e:7f:79:98:f3,f4:2e:7f:79:98:f4,f4:2e:7f:79:98:f5,f4:2e:7f:79:98:f6,-54,-55,-55,-55,-55,44.67909667,indoor,
f4:2e:7f:79:98:f2,f4:2e:7f:79:98:f4,f4:2e:7f:79:98:f5,f4:2e:7f:79:98:f3,f4:2e:7f:79:98:f6,-53,-54,-54,-55,-55,44.50922701,indoor,
f4:2e:7f:79:98:f4,f4:2e:7f:79:98:f5,f4:2e:7f:79:98:f6,f4:2e:7f:79:98:f3,f4:2e:7f:79:98:f2,-59,-59,-59,-60,-60,44.35971623,indoor,
f4:2e:7f:79:98:f4,f4:2e:7f:79:98:f5,f4:2e:7f:79:98:f6,f4:2e:7f:79:98:f3,f4:2e:7f:79:98:f2,-59,-59,-59,-60,-60,45.59539654,indoor,
f4:2e:7f:79:98:f2,f4:2e:7f:79:98:f5,f4:2e:7f:79:98:f6,f4:2e:7f:79:98:f3,f4:2e:7f:79:98:f4,-54,-55,-55,-56,-56,37.42092738,indoor,
f4:2e:7f:79:98:f2,f4:2e:7f:79:98:f5,f4:2e:7f:79:98:f6,f4:2e:7f:79:98:f3,f4:2e:7f:79:98:f4,-54,-55,-55,-56,-56,38.89358479,indoor,
f4:2e:7f:79:98:f3,f4:2e:7f:79:98:f4,f4:2e:7f:79:98:f5,f4:2e:7f:79:98:f6,f4:2e:7f:79:98:f2,-57,-59,-59,-60,-61,44.43305099,indoor,
f4:2e:7f:79:98:f6,f4:2e:7f:79:98:f3,f4:2e:7f:79:98:f4,f4:2e:7f:79:98:f5,f4:2e:7f:79:98:f2,-65,-66,-66,-66,-66,49.62638242,indoor,
f4:2e:7f:79:98:f3,f4:2e:7f:79:98:f4,f4:2e:7f:79:98:f5,f4:2e:7f:79:98:f6,f4:2e:7f:79:98:e3,-64,-64,-65,-65,-70,49.61069634,indoor,
f4:2e:7f:79:98:f3,f4:2e:7f:79:98:f4,f4:2e:7f:79:98:f5,f4:2e:7f:79:98:f6,f4:2e:7f:79:98:e3,-64,-64,-65,-65,-70,49.58312544,indoor,
f4:2e:7f:79:98:f3,f4:2e:7f:79:98:f5,f4:2e:7f:79:98:f6,f4:2e:7f:79:98:f2,f4:2e:7f:79:98:f0,-66,-66,-66,-66,-66,49.52036306,indoor,
f4:2e:7f:79:98:f3,f4:2e:7f:79:98:f6,f4:2e:7f:79:98:f4,f4:2e:7f:79:98:f5,f4:2e:7f:79:98:f2,-66,-66,-67,-67,-70,49.39138622,indoor,
f4:2e:7f:79:98:f3,f4:2e:7f:79:98:f6,f4:2e:7f:79:98:f4,f4:2e:7f:79:98:f5,f4:2e:7f:79:98:f2,-66,-66,-67,-67,-70,49.51661111,indoor,
f4:2e:7f:79:98:f2,f4:2e:7f:79:98:e3,f4:2e:7f:79:98:e4,f4:2e:7f:79:98:e5,f4:2e:7f:79:98:e6,-65,-71,-71,-71,-72,49.40634636,indoor,
f4:2e:7f:79:98:f2,f4:2e:7f:79:98:f3,f4:2e:7f:79:98:f4,f4:2e:7f:79:98:f5,f4:2e:7f:79:98:f6,-67,-70,-70,-70,-70,44.1753956,indoor,
f4:2e:7f:79:98:f2,f4:2e:7f:79:98:f3,f4:2e:7f:79:98:f4,f4:2e:7f:79:98:f5,f4:2e:7f:79:98:f6,-70,-71,-71,-72,-72,44.11354949,indoor,
f4:2e:7f:79:98:f2,f4:2e:7f:79:98:f3,f4:2e:7f:79:98:f4,f4:2e:7f:79:98:f5,f4:2e:7f:79:98:f6,-70,-71,-71,-72,-72,44.07429059,indoor,
f4:2e:7f:79:98:f5,f4:2e:7f:79:98:f6,f4:2e:7f:79:98:f3,f4:2e:7f:79:98:f4,f4:2e:7f:79:98:f2,-57,-57,-58,-58,-58,44.05195325,indoor,
f4:2e:7f:79:98:f3,f4:2e:7f:79:98:f4,f4:2e:7f:79:98:f5,f4:2e:7f:79:98:f2,f4:2e:7f:79:98:f6,-57,-57,-57,-57,-58,43.98235869,indoor,
f4:2e:7f:79:98:f3,f4:2e:7f:79:98:f4,f4:2e:7f:79:98:f5,f4:2e:7f:79:98:f2,f4:2e:7f:79:98:f6,-57,-57,-57,-57,-58,44.0681263,indoor,
f4:2e:7f:79:98:f3,f4:2e:7f:79:98:f4,f4:2e:7f:79:98:f5,f4:2e:7f:79:98:f6,f4:2e:7f:79:98:f2,-58,-58,-58,-58,-63,43.54317182,indoor,
f4:2e:7f:79:98:f3,f4:2e:7f:79:98:f4,f4:2e:7f:79:98:f5,f4:2e:7f:79:98:f6,f4:2e:7f:79:98:f2,-58,-58,-58,-58,-63,42.79473286,indoor,
f4:2e:7f:79:98:f2,f4:2e:7f:79:98:f3,f4:2e:7f:79:98:f5,f4:2e:7f:79:98:f4,f4:2e:7f:79:98:f6,-52,-57,-57,-58,-58,39.98444369,indoor,
f4:2e:7f:79:98:f3,f4:2e:7f:79:98:f4,f4:2e:7f:79:98:f5,f4:2e:7f:79:98:f6,f4:2e:7f:79:98:f2,-48,-48,-49,-49,-49,51.7851726,indoor,
f4:2e:7f:79:98:f3,f4:2e:7f:79:98:f4,f4:2e:7f:79:98:f5,f4:2e:7f:79:98:f6,f4:2e:7f:79:98:f2,-48,-48,-49,-49,-49,52.27904583,indoor,
f4:2e:7f:79:98:f3,f4:2e:7f:79:98:f4,f4:2e:7f:79:98:f5,f4:2e:7f:79:98:f6,f4:2e:7f:79:98:f2,-48,-48,-48,-48,-50,53.45458426,indoor,
f4:2e:7f:79:98:f3,f4:2e:7f:79:98:f4,f4:2e:7f:79:98:f5,f4:2e:7f:79:98:f6,f4:2e:7f:79:98:f2,-48,-48,-48,-48,-50,53.93476601,indoor,
f4:2e:7f:79:98:f2,f4:2e:7f:79:98:f4,f4:2e:7f:79:98:f5,f4:2e:7f:79:98:f3,f4:2e:7f:79:98:f6,-51,-53,-53,-54,-54,50.7340189,indoor,
f4:2e:7f:79:98:f2,f4:2e:7f:79:98:f4,f4:2e:7f:79:98:f5,f4:2e:7f:79:98:f3,f4:2e:7f:79:98:f6,-51,-53,-53,-54,-54,48.27447363,indoor,
f4:2e:7f:79:98:f3,f4:2e:7f:79:98:f4,f4:2e:7f:79:98:f5,f4:2e:7f:79:98:f6,f4:2e:7f:79:98:f2,-47,-47,-47,-47,-50,40.80798034,indoor,
f4:2e:7f:79:98:f5,f4:2e:7f:79:98:f6,f4:2e:7f:79:98:f3,f4:2e:7f:79:98:f4,f4:2e:7f:79:98:f2,-49,-49,-50,-50,-51,36.31459089,indoor,
f4:2e:7f:79:98:f5,f4:2e:7f:79:98:f6,f4:2e:7f:79:98:f3,f4:2e:7f:79:98:f4,f4:2e:7f:79:98:f2,-49,-49,-50,-50,-51,33.28267309,indoor,
f4:2e:7f:79:98:f3,f4:2e:7f:79:98:f4,f4:2e:7f:79:98:f5,f4:2e:7f:79:98:f6,f4:2e:7f:79:98:f2,-46,-46,-46,-46,-46,26.62798454,indoor,
f4:2e:7f:79:98:f2,f4:2e:7f:79:98:e3,f4:2e:7f:79:98:e4,f4:2e:7f:79:98:e6,f4:2e:7f:79:98:e2,-41,-48,-48,-48,-48,43.06957064,indoor,
f4:2e:7f:79:98:f2,f4:2e:7f:79:98:e3,f4:2e:7f:79:98:e4,f4:2e:7f:79:98:e6,f4:2e:7f:79:98:e2,-41,-48,-48,-48,-48,43.06136893,indoor,
f4:2e:7f:79:98:f3,f4:2e:7f:79:98:f4,f4:2e:7f:79:98:f5,f4:2e:7f:79:98:f6,f4:2e:7f:79:98:f2,-37,-37,-37,-37,-37,43.14538128,indoor,
f4:2e:7f:79:98:f3,f4:2e:7f:79:98:f4,f4:2e:7f:79:98:f5,f4:2e:7f:79:98:f6,f4:2e:7f:79:98:f2,-37,-37,-37,-37,-37,43.18277804,indoor,
f4:2e:7f:79:98:f3,f4:2e:7f:79:98:f4,f4:2e:7f:79:98:f5,f4:2e:7f:79:98:f6,f4:2e:7f:79:98:f2,-37,-37,-37,-37,-37,43.13553144,indoor,
f4:2e:7f:79:98:f3,f4:2e:7f:79:98:f6,f4:2e:7f:79:98:f4,f4:2e:7f:79:98:f5,f4:2e:7f:79:98:f2,-38,-38,-39,-39,-42,30.16714101,indoor,
f4:2e:7f:79:98:f3,f4:2e:7f:79:98:f4,f4:2e:7f:79:98:f5,f4:2e:7f:79:98:f6,f4:2e:7f:79:98:f2,-46,-46,-46,-46,-46,29.92215037,indoor,
f4:2e:7f:79:98:f3,f4:2e:7f:79:98:f4,f4:2e:7f:79:98:f5,f4:2e:7f:79:98:f6,f4:2e:7f:79:98:f2,-46,-46,-46,-46,-46,39.19866891,indoor,
f4:2e:7f:79:98:e4,f4:2e:7f:79:98:f3,f4:2e:7f:79:98:f4,f4:2e:7f:79:98:f5,f4:2e:7f:79:98:f6,-46,-47,-47,-47,-47,39.91155994,indoor,
f4:2e:7f:79:98:f3,f4:2e:7f:79:98:f4,f4:2e:7f:79:98:f5,f4:2e:7f:79:98:f6,f4:2e:7f:79:98:f2,-41,-41,-41,-41,-45,40.03141924,indoor,
f4:2e:7f:79:98:f3,f4:2e:7f:79:98:f4,f4:2e:7f:79:98:f5,f4:2e:7f:79:98:f6,f4:2e:7f:79:98:f2,-45,-45,-45,-45,-49,44.10370552,indoor,
f4:2e:7f:79:98:f3,f4:2e:7f:79:98:f4,f4:2e:7f:79:98:f5,f4:2e:7f:79:98:f6,f4:2e:7f:79:98:f2,-45,-45,-45,-45,-49,39.71439941,indoor,
f4:2e:7f:79:98:f3,f4:2e:7f:79:98:f4,f4:2e:7f:79:98:f6,f4:2e:7f:79:98:f5,f4:2e:7f:79:98:f2,-50,-50,-50,-51,-51,39.89263392,indoor,
f4:2e:7f:79:98:f3,f4:2e:7f:79:98:f4,f4:2e:7f:79:98:f6,f4:2e:7f:79:98:f5,f4:2e:7f:79:98:f2,-50,-50,-50,-51,-51,39.86186322,indoor,
f4:2e:7f:79:98:f2,f4:2e:7f:79:98:f4,f4:2e:7f:79:98:f3,f4:2e:7f:79:98:f5,f4:2e:7f:79:98:f6,-46,-48,-49,-49,-49,39.7636112,indoor,
f4:2e:7f:79:98:f2,f4:2e:7f:79:98:f3,f4:2e:7f:79:98:f5,f4:2e:7f:79:98:f4,f4:2e:7f:79:98:f6,-45,-48,-48,-49,-49,39.82713042,indoor,
f4:2e:7f:79:98:f2,f4:2e:7f:79:98:f3,f4:2e:7f:79:98:f5,f4:2e:7f:79:98:f4,f4:2e:7f:79:98:f6,-45,-48,-48,-49,-49,26.03136372,indoor,
f4:2e:7f:79:98:f3,f4:2e:7f:79:98:f4,f4:2e:7f:79:98:f5,f4:2e:7f:79:98:f6,f4:2e:7f:79:98:f2,-39,-39,-39,-39,-39,40.59859118,indoor,
f4:2e:7f:79:98:f4,f4:2e:7f:79:98:f3,f4:2e:7f:79:98:f5,f4:2e:7f:79:98:f6,f4:2e:7f:79:98:f2,-48,-49,-49,-49,-50,43.31434317,indoor,
f4:2e:7f:79:98:f2,f4:2e:7f:79:a3:26,f4:2e:7f:79:a3:25,f4:2e:7f:79:a3:32,f4:2e:7f:79:a3:36,-46,-70,-71,-74,-74,40.09392963,indoor,
f4:2e:7f:79:98:f2,f4:2e:7f:79:a3:26,f4:2e:7f:79:a3:25,f4:2e:7f:79:a3:32,f4:2e:7f:79:a3:36,-46,-70,-71,-74,-74,40.51563705,indoor,
f4:2e:7f:79:98:f3,f4:2e:7f:79:98:f4,f4:2e:7f:79:98:f5,f4:2e:7f:79:98:f6,f4:2e:7f:79:98:f2,-48,-48,-48,-48,-55,41.30585264,indoor,
f4:2e:7f:79:98:f3,f4:2e:7f:79:98:f4,f4:2e:7f:79:98:f6,f4:2e:7f:79:98:f2,f4:2e:7f:79:98:f5,-46,-46,-46,-46,-47,36.27954581,indoor,
f4:2e:7f:79:98:f3,f4:2e:7f:79:98:f4,f4:2e:7f:79:98:f6,f4:2e:7f:79:98:f2,f4:2e:7f:79:98:f5,-46,-46,-46,-46,-47,37.34118715,indoor,
f4:2e:7f:79:98:f2,f4:2e:7f:79:98:f3,f4:2e:7f:79:98:f6,f4:2e:7f:79:98:f5,f4:2e:7f:79:98:f4,-52,-54,-54,-55,-56,37.19744155,indoor,
f4:2e:7f:79:98:f2,f4:2e:7f:79:98:f3,f4:2e:7f:79:98:f6,f4:2e:7f:79:98:f5,f4:2e:7f:79:98:f4,-52,-54,-54,-55,-56,37.13685496,indoor,
f4:2e:7f:79:98:f2,f4:2e:7f:79:98:f4,f4:2e:7f:79:98:f5,f4:2e:7f:79:98:f6,f4:2e:7f:79:98:f3,-54,-57,-57,-57,-58,37.13654597,indoor,
f4:2e:7f:79:98:f2,f4:2e:7f:79:98:f5,f4:2e:7f:79:98:f6,f4:2e:7f:79:98:f3,f4:2e:7f:79:98:f4,-51,-57,-57,-58,-58,37.22146886,indoor,
f4:2e:7f:79:98:f2,f4:2e:7f:79:98:f5,f4:2e:7f:79:98:f6,f4:2e:7f:79:98:f3,f4:2e:7f:79:98:f4,-51,-57,-57,-58,-58,37.43334245,indoor,
f4:2e:7f:79:98:f3,f4:2e:7f:79:98:f4,f4:2e:7f:79:98:f5,f4:2e:7f:79:98:f6,f4:2e:7f:79:98:f2,-48,-48,-48,-48,-48,37.56639955,indoor,
f4:2e:7f:79:98:f3,f4:2e:7f:79:98:f4,f4:2e:7f:79:98:f5,f4:2e:7f:79:98:f6,f4:2e:7f:79:98:f2,-48,-48,-48,-48,-48,37.59441565,indoor,
f4:2e:7f:79:98:f3,f4:2e:7f:79:98:f4,f4:2e:7f:79:98:f5,f4:2e:7f:79:98:f6,f4:2e:7f:79:98:f2,-48,-48,-48,-48,-48,37.41928162,indoor,
f4:2e:7f:79:98:f3,f4:2e:7f:79:98:f4,f4:2e:7f:79:98:f6,f4:2e:7f:79:98:f5,f4:2e:7f:79:98:f2,-53,-53,-53,-55,-59,25.16696564,indoor,
f4:2e:7f:79:98:f3,f4:2e:7f:79:98:f4,f4:2e:7f:79:98:f6,f4:2e:7f:79:98:f5,f4:2e:7f:79:98:f2,-53,-53,-53,-55,-59,36.72018282,indoor,
f4:2e:7f:79:98:f3,f4:2e:7f:79:98:f4,f4:2e:7f:79:98:f5,f4:2e:7f:79:98:f6,f4:2e:7f:79:98:e3,-64,-64,-64,-64,-68,45.51980596,indoor,
f4:2e:7f:79:98:f3,f4:2e:7f:79:98:f4,f4:2e:7f:79:98:f5,f4:2e:7f:79:98:f6,f4:2e:7f:79:98:f2,-66,-67,-67,-67,-69,45.59271653,indoor,
f4:2e:7f:79:98:f3,f4:2e:7f:79:98:f4,f4:2e:7f:79:98:f5,f4:2e:7f:79:98:f6,f4:2e:7f:79:98:f2,-66,-67,-67,-67,-69,45.38460588,indoor,
f4:2e:7f:79:98:f3,f4:2e:7f:79:98:f4,f4:2e:7f:79:98:f5,f4:2e:7f:79:98:f2,f4:2e:7f:79:98:f6,-72,-72,-72,-72,-73,45.04527345,indoor,
f4:2e:7f:79:98:f3,f4:2e:7f:79:98:f4,f4:2e:7f:79:98:f5,f4:2e:7f:79:98:f2,f4:2e:7f:79:98:f6,-72,-72,-72,-72,-73,45.48477488,indoor,
f4:2e:7f:79:98:f3,f4:2e:7f:79:98:f4,f4:2e:7f:79:98:f5,f4:2e:7f:79:98:f2,f4:2e:7f:79:98:f6,-72,-72,-72,-72,-73,45.46835803,indoor,
f4:2e:7f:79:98:f3,f4:2e:7f:79:98:f4,f4:2e:7f:79:98:f5,f4:2e:7f:79:98:f2,f4:2e:7f:79:98:f6,-72,-72,-72,-72,-73,45.5145093,indoor,
f4:2e:7f:79:98:f3,f4:2e:7f:79:98:f4,f4:2e:7f:79:98:f5,f4:2e:7f:79:98:f2,f4:2e:7f:79:98:f6,-72,-72,-72,-72,-73,40.67217813,indoor,
f4:2e:7f:79:98:f3,f4:2e:7f:79:98:f4,f4:2e:7f:79:98:f5,f4:2e:7f:79:98:f2,f4:2e:7f:79:98:f6,-72,-72,-72,-72,-73,42.31135898,indoor,
f4:2e:7f:79:98:f3,f4:2e:7f:79:98:f4,f4:2e:7f:79:98:f5,f4:2e:7f:79:98:f2,f4:2e:7f:79:98:f6,-72,-72,-72,-72,-73,39.30011635,indoor,
f4:2e:7f:79:98:f3,f4:2e:7f:79:98:f4,f4:2e:7f:79:98:f5,f4:2e:7f:79:98:f2,f4:2e:7f:79:98:f6,-72,-72,-72,-72,-73,27.20972735,indoor,
f4:2e:7f:79:98:f3,f4:2e:7f:79:98:f4,f4:2e:7f:79:98:f5,f4:2e:7f:79:98:f2,f4:2e:7f:79:98:f6,-72,-72,-72,-72,-73,34.38206781,indoor,
f4:2e:7f:79:98:f3,f4:2e:7f:79:98:f4,f4:2e:7f:79:98:f5,f4:2e:7f:79:98:f2,f4:2e:7f:79:98:f6,-72,-72,-72,-72,-73,35.19519544,indoor,
f4:2e:7f:79:98:f3,f4:2e:7f:79:98:f4,f4:2e:7f:79:98:f5,f4:2e:7f:79:98:f2,f4:2e:7f:79:98:f6,-72,-72,-72,-72,-73,35.19519544,indoor,
f4:2e:7f:79:98:f3,f4:2e:7f:79:98:f4,f4:2e:7f:79:98:f5,f4:2e:7f:79:98:f2,f4:2e:7f:79:98:f6,-72,-72,-72,-72,-73,35.19519544,indoor,
f4:2e:7f:79:98:f3,f4:2e:7f:79:98:f4,f4:2e:7f:79:98:f5,f4:2e:7f:79:98:f2,f4:2e:7f:79:98:f6,-72,-72,-72,-72,-73,35.19519544,indoor,
f4:2e:7f:79:98:f3,f4:2e:7f:79:98:f4,f4:2e:7f:79:98:f5,f4:2e:7f:79:98:f2,f4:2e:7f:79:98:f6,-72,-72,-72,-72,-73,35.19519544,indoor,
f4:2e:7f:79:98:f3,f4:2e:7f:79:98:f4,f4:2e:7f:79:98:f5,f4:2e:7f:79:98:f2,f4:2e:7f:79:98:f6,-72,-72,-72,-72,-73,35.19519544,indoor,
f4:2e:7f:79:98:f3,f4:2e:7f:79:98:f4,f4:2e:7f:79:98:f5,f4:2e:7f:79:98:f2,f4:2e:7f:79:98:f6,-72,-72,-72,-72,-73,35.19519544,indoor,
f4:2e:7f:79:98:f3,f4:2e:7f:79:98:f4,f4:2e:7f:79:98:f5,f4:2e:7f:79:98:f2,f4:2e:7f:79:98:f6,-72,-72,-72,-72,-73,35.19519544,indoor,
f4:2e:7f:79:98:f3,f4:2e:7f:79:98:f4,f4:2e:7f:79:98:f5,f4:2e:7f:79:98:f2,f4:2e:7f:79:98:f6,-72,-72,-72,-72,-73,35.19519544,indoor,
f4:2e:7f:79:98:f3,f4:2e:7f:79:98:f4,f4:2e:7f:79:98:f5,f4:2e:7f:79:98:f2,f4:2e:7f:79:98:f6,-72,-72,-72,-72,-73,35.19519544,indoor,
f4:2e:7f:79:98:f3,f4:2e:7f:79:98:f4,f4:2e:7f:79:98:f5,f4:2e:7f:79:98:f2,f4:2e:7f:79:98:f6,-72,-72,-72,-72,-73,35.19519544,indoor,
f4:2e:7f:79:98:f3,f4:2e:7f:79:98:f4,f4:2e:7f:79:98:f5,f4:2e:7f:79:98:f2,f4:2e:7f:79:98:f6,-72,-72,-72,-72,-73,35.19519544,indoor,
f4:2e:7f:79:98:f3,f4:2e:7f:79:98:f4,f4:2e:7f:79:98:f5,f4:2e:7f:79:98:f2,f4:2e:7f:79:98:f6,-72,-72,-72,-72,-73,35.19519544,indoor,
f4:2e:7f:79:98:f3,f4:2e:7f:79:98:f4,f4:2e:7f:79:98:f5,f4:2e:7f:79:98:f2,f4:2e:7f:79:98:f6,-72,-72,-72,-72,-73,35.19519544,indoor,
f4:2e:7f:79:98:f3,f4:2e:7f:79:98:f4,f4:2e:7f:79:98:f5,f4:2e:7f:79:98:f2,f4:2e:7f:79:98:f6,-72,-72,-72,-72,-73,35.19519544,indoor,
f4:2e:7f:79:98:f3,f4:2e:7f:79:98:f4,f4:2e:7f:79:98:f5,f4:2e:7f:79:98:f2,f4:2e:7f:79:98:f6,-72,-72,-72,-72,-73,35.19519544,indoor,
f4:2e:7f:79:98:f3,f4:2e:7f:79:98:f4,f4:2e:7f:79:98:f5,f4:2e:7f:79:98:f2,f4:2e:7f:79:98:f6,-72,-72,-72,-72,-73,35.19519544,indoor,
f4:2e:7f:79:98:f3,f4:2e:7f:79:98:f4,f4:2e:7f:79:98:f5,f4:2e:7f:79:98:f2,f4:2e:7f:79:98:f6,-72,-72,-72,-72,-73,35.19519544,indoor,
f4:2e:7f:79:98:f3,f4:2e:7f:79:98:f4,f4:2e:7f:79:98:f5,f4:2e:7f:79:98:f2,f4:2e:7f:79:98:f6,-72,-72,-72,-72,-73,38.57987478,indoor,
f4:2e:7f:79:98:f3,f4:2e:7f:79:98:f4,f4:2e:7f:79:98:f5,f4:2e:7f:79:98:f6,f4:2e:7f:79:98:f2,-50,-50,-50,-50,-54,43.86682366,indoor,
f4:2e:7f:79:98:f3,f4:2e:7f:79:98:f4,f4:2e:7f:79:98:f5,f4:2e:7f:79:98:f6,f4:2e:7f:79:98:f2,-50,-50,-50,-50,-54,47.65312746,indoor,
f4:2e:7f:79:98:f3,f4:2e:7f:79:98:f4,f4:2e:7f:79:98:f5,f4:2e:7f:79:98:f6,f4:2e:7f:79:98:f2,-51,-51,-51,-51,-54,49.28977267,indoor,
f4:2e:7f:79:98:f5,f4:2e:7f:79:98:f6,f4:2e:7f:79:98:f3,f4:2e:7f:79:98:f4,f4:2e:7f:79:98:e5,-58,-58,-59,-59,-60,38.40040607,indoor,
f4:2e:7f:79:98:f2,f4:2e:7f:79:98:f3,f4:2e:7f:79:98:f4,f4:2e:7f:79:98:f5,f4:2e:7f:79:98:f6,-56,-57,-57,-57,-57,35.60503998,indoor,
f4:2e:7f:79:98:f2,f4:2e:7f:79:98:f3,f4:2e:7f:79:98:f4,f4:2e:7f:79:98:f5,f4:2e:7f:79:98:f6,-56,-57,-57,-57,-57,35.52706522,indoor,
f4:2e:7f:79:98:f2,f4:2e:7f:79:98:f3,f4:2e:7f:79:98:f4,f4:2e:7f:79:98:f6,f4:2e:7f:79:98:f5,-55,-58,-58,-58,-59,35.49225027,indoor,
f4:2e:7f:79:98:f2,f4:2e:7f:79:98:f4,f4:2e:7f:79:98:f3,f4:2e:7f:79:98:f5,f4:2e:7f:79:98:f6,-51,-56,-57,-57,-57,44.46450728,indoor,
f4:2e:7f:79:98:f2,f4:2e:7f:79:98:f4,f4:2e:7f:79:98:f3,f4:2e:7f:79:98:f5,f4:2e:7f:79:98:f6,-51,-56,-57,-57,-57,50.81552689,indoor,
f4:2e:7f:79:98:f3,f4:2e:7f:79:98:f4,f4:2e:7f:79:98:f5,f4:2e:7f:79:98:f6,f4:2e:7f:79:98:e3,-51,-51,-51,-53,-53,55.76878581,indoor,
f4:2e:7f:79:98:f2,f4:2e:7f:79:98:e3,f4:2e:7f:79:98:e6,f4:2e:7f:79:98:f3,f4:2e:7f:79:98:f4,-55,-57,-57,-58,-58,57.93291935,indoor,
f4:2e:7f:79:98:f2,f4:2e:7f:79:98:e3,f4:2e:7f:79:98:e6,f4:2e:7f:79:98:f3,f4:2e:7f:79:98:f4,-55,-57,-57,-58,-58,47.59135694,indoor,
f4:2e:7f:79:98:f2,f4:2e:7f:79:98:e6,f4:2e:7f:79:98:e4,f4:2e:7f:79:98:e5,f4:2e:7f:79:98:e3,-60,-64,-65,-65,-66,45.61795483,indoor,
f4:2e:7f:79:98:f2,f4:2e:7f:79:98:e6,f4:2e:7f:79:98:e4,f4:2e:7f:79:98:e5,f4:2e:7f:79:98:e3,-60,-64,-65,-65,-66,45.68996071,indoor,
f4:2e:7f:79:98:f2,f4:2e:7f:79:98:f5,f4:2e:7f:79:98:f6,f4:2e:7f:79:98:f3,f4:2e:7f:79:98:f4,-60,-63,-63,-64,-64,41.04157512,indoor,
f4:2e:7f:79:98:f2,f4:2e:7f:79:98:e3,f4:2e:7f:79:98:e5,f4:2e:7f:79:98:e4,f4:2e:7f:79:98:e6,-59,-73,-73,-74,-74,41.36999445,indoor,
f4:2e:7f:79:98:f2,f4:2e:7f:79:98:e3,f4:2e:7f:79:98:e5,f4:2e:7f:79:98:e4,f4:2e:7f:79:98:e6,-59,-73,-73,-74,-74,48.66767137,indoor,
f4:2e:7f:79:98:f4,f4:2e:7f:79:98:f5,f4:2e:7f:79:98:f3,f4:2e:7f:79:98:f6,f4:2e:7f:79:98:f2,-51,-51,-52,-52,-62,32.95656988,indoor,
f4:2e:7f:79:98:f4,f4:2e:7f:79:98:f5,f4:2e:7f:79:98:f3,f4:2e:7f:79:98:f6,f4:2e:7f:79:98:f2,-51,-51,-52,-52,-62,33.04689347,indoor,
f4:2e:7f:79:98:f2,f4:2e:7f:79:a3:23,f4:2e:7f:79:98:f3,f4:2e:7f:79:98:f4,f4:2e:7f:79:98:f5,-71,-71,-71,-71,-71,34.03879264,indoor,
f4:2e:7f:79:98:f4,f4:2e:7f:79:98:f6,f4:2e:7f:79:98:f3,f4:2e:7f:79:98:f5,f4:2e:7f:79:98:f2,-61,-61,-62,-62,-64,29.61089108,indoor,
f4:2e:7f:79:98:f2,f4:2e:7f:79:98:e3,f4:2e:7f:79:98:e4,f4:2e:7f:79:98:e5,f4:2e:7f:79:98:e6,-54,-59,-59,-59,-60,33.68087539,indoor,
f4:2e:7f:79:98:f2,f4:2e:7f:79:98:e3,f4:2e:7f:79:98:e4,f4:2e:7f:79:98:e5,f4:2e:7f:79:98:e6,-54,-59,-59,-59,-60,33.70991543,indoor,
f4:2e:7f:79:98:f2,f4:2e:7f:79:98:e3,f4:2e:7f:79:98:e4,f4:2e:7f:79:98:e5,f4:2e:7f:79:98:e6,-54,-59,-59,-59,-60,33.76869238,indoor,
f4:2e:7f:79:98:f2,f4:2e:7f:79:98:f4,f4:2e:7f:79:98:f5,f4:2e:7f:79:98:f3,f4:2e:7f:79:98:f6,-57,-60,-60,-61,-61,33.66509503,indoor,
f4:2e:7f:79:98:f2,f4:2e:7f:79:98:f3,f4:2e:7f:79:98:f4,f4:2e:7f:79:98:f5,f4:2e:7f:79:98:f6,-56,-59,-59,-59,-60,33.72493825,indoor,
f4:2e:7f:79:98:f2,f4:2e:7f:79:98:f3,f4:2e:7f:79:98:f4,f4:2e:7f:79:98:f5,f4:2e:7f:79:98:f6,-58,-60,-60,-60,-60,33.76009506,indoor,
f4:2e:7f:79:98:f2,f4:2e:7f:79:98:f3,f4:2e:7f:79:98:f4,f4:2e:7f:79:98:f5,f4:2e:7f:79:98:f6,-58,-60,-60,-60,-60,33.6179219,indoor,
f4:2e:7f:79:98:f2,f4:2e:7f:79:98:f3,f4:2e:7f:79:98:f5,f4:2e:7f:79:98:f6,f4:2e:7f:79:98:f4,-55,-56,-56,-56,-57,24.83371333,indoor,
f4:2e:7f:79:98:f2,f4:2e:7f:79:a3:26,f4:2e:7f:79:a3:25,f4:2e:7f:79:98:e2,f4:2e:7f:79:98:e3,-51,-58,-61,-63,-64,34.83565804,indoor,
f4:2e:7f:79:98:f2,f4:2e:7f:79:a3:26,f4:2e:7f:79:a3:25,f4:2e:7f:79:98:e2,f4:2e:7f:79:98:e3,-51,-58,-61,-63,-64,35.19106609,indoor,
f4:2e:7f:79:98:f2,f4:2e:7f:79:98:f5,f4:2e:7f:79:98:f4,f4:2e:7f:79:98:f6,f4:2e:7f:79:98:f3,-58,-59,-60,-60,-61,36.08414882,indoor,
f4:2e:7f:79:98:f2,f4:2e:7f:79:98:f5,f4:2e:7f:79:98:f4,f4:2e:7f:79:98:f6,f4:2e:7f:79:98:f3,-58,-59,-60,-60,-61,36.30031866,indoor,
f4:2e:7f:79:98:f3,f4:2e:7f:79:98:f4,f4:2e:7f:79:98:f5,f4:2e:7f:79:98:f6,f4:2e:7f:79:98:f2,-59,-59,-59,-59,-61,36.16681761,indoor,
f4:2e:7f:79:98:f2,f4:2e:7f:79:98:f4,f4:2e:7f:79:98:f5,f4:2e:7f:79:98:f6,f4:2e:7f:79:98:f3,-59,-60,-60,-60,-61,34.10373436,indoor,
f4:2e:7f:79:98:f2,f4:2e:7f:79:98:f4,f4:2e:7f:79:98:f5,f4:2e:7f:79:98:f6,f4:2e:7f:79:98:f3,-59,-60,-60,-60,-61,38.36919903,indoor,
f4:2e:7f:79:98:f3,f4:2e:7f:79:98:f4,f4:2e:7f:79:98:f5,f4:2e:7f:79:98:f6,f4:2e:7f:79:98:f2,-53,-53,-53,-53,-55,35.67831126,indoor,
f4:2e:7f:79:98:f3,f4:2e:7f:79:98:f4,f4:2e:7f:79:98:f5,f4:2e:7f:79:98:f6,f4:2e:7f:79:98:f2,-53,-53,-53,-53,-55,36.40370498,indoor,
f4:2e:7f:79:98:f2,f4:2e:7f:79:98:f3,f4:2e:7f:79:98:f4,f4:2e:7f:79:98:f5,f4:2e:7f:79:98:f6,-53,-56,-56,-56,-56,40.14115414,indoor,
f4:2e:7f:79:98:f2,f4:2e:7f:79:98:f3,f4:2e:7f:79:98:f4,f4:2e:7f:79:98:f5,f4:2e:7f:79:98:f6,-53,-56,-56,-56,-56,38.92867859,indoor,
f4:2e:7f:79:98:f2,f4:2e:7f:79:98:f3,f4:2e:7f:79:98:f4,f4:2e:7f:79:98:f5,f4:2e:7f:79:98:f6,-52,-55,-55,-55,-56,40.05401626,indoor,
f4:2e:7f:79:98:f6,f4:2e:7f:79:98:f3,f4:2e:7f:79:98:f4,f4:2e:7f:79:98:f5,f4:2e:7f:79:98:f2,-46,-47,-47,-47,-50,38.68923695,indoor,
f4:2e:7f:79:98:f6,f4:2e:7f:79:98:f3,f4:2e:7f:79:98:f4,f4:2e:7f:79:98:f5,f4:2e:7f:79:98:f2,-46,-47,-47,-47,-50,35.58549756,indoor,
f4:2e:7f:79:98:f3,f4:2e:7f:79:98:f4,f4:2e:7f:79:98:f5,f4:2e:7f:79:98:f2,f4:2e:7f:79:98:f6,-49,-49,-49,-50,-50,41.11738567,indoor,
f4:2e:7f:79:98:f3,f4:2e:7f:79:98:f4,f4:2e:7f:79:98:f5,f4:2e:7f:79:98:f2,f4:2e:7f:79:98:f6,-49,-49,-49,-50,-50,40.93003868,indoor,
f4:2e:7f:79:98:f3,f4:2e:7f:79:98:f4,f4:2e:7f:79:98:f5,f4:2e:7f:79:98:f6,f4:2e:7f:79:98:f2,-49,-49,-49,-49,-56,39.40738376,indoor,
f4:2e:7f:79:98:f3,f4:2e:7f:79:98:f4,f4:2e:7f:79:98:f5,f4:2e:7f:79:98:f6,f4:2e:7f:79:98:f2,-52,-53,-53,-53,-56,38.51252523,indoor,
f4:2e:7f:79:98:f3,f4:2e:7f:79:98:f4,f4:2e:7f:79:98:f5,f4:2e:7f:79:98:f6,f4:2e:7f:79:98:f2,-52,-53,-53,-53,-56,33.65219843,indoor,
f4:2e:7f:79:98:f3,f4:2e:7f:79:98:f2,f4:2e:7f:79:98:f4,f4:2e:7f:79:98:f5,f4:2e:7f:79:98:f6,-55,-56,-56,-56,-56,39.41888056,indoor,
f4:2e:7f:79:98:f3,f4:2e:7f:79:98:f5,f4:2e:7f:79:98:f6,f4:2e:7f:79:98:f2,f4:2e:7f:79:98:f4,-51,-51,-51,-52,-52,28.47138477,indoor,
f4:2e:7f:79:98:f3,f4:2e:7f:79:98:f5,f4:2e:7f:79:98:f6,f4:2e:7f:79:98:f2,f4:2e:7f:79:98:f4,-51,-51,-51,-52,-52,36.90603501,indoor,
f4:2e:7f:79:98:f2,f4:2e:7f:79:98:f3,f4:2e:7f:79:98:f4,f4:2e:7f:79:98:f5,f4:2e:7f:79:98:f6,-54,-56,-56,-56,-56,37.4319728,indoor,
f4:2e:7f:79:98:f2,f4:2e:7f:79:98:f3,f4:2e:7f:79:98:f4,f4:2e:7f:79:98:f5,f4:2e:7f:79:98:f6,-54,-56,-56,-56,-56,35.39409303,indoor,
f4:2e:7f:79:98:f2,f4:2e:7f:79:98:f3,f4:2e:7f:79:98:f4,f4:2e:7f:79:98:f5,f4:2e:7f:79:98:f6,-48,-52,-53,-54,-55,38.39394127,indoor,
f4:2e:7f:79:98:f2,f4:2e:7f:79:98:f5,f4:2e:7f:79:98:f6,f4:2e:7f:79:98:f3,f4:2e:7f:79:98:f4,-49,-53,-53,-54,-54,38.86289785,indoor,
f4:2e:7f:79:98:f2,f4:2e:7f:79:98:f5,f4:2e:7f:79:98:f6,f4:2e:7f:79:98:f3,f4:2e:7f:79:98:f4,-49,-53,-53,-54,-54,36.32683801,indoor,
f4:2e:7f:79:98:f2,f4:2e:7f:79:98:f3,f4:2e:7f:79:98:f4,f4:2e:7f:79:98:f5,f4:2e:7f:79:98:f6,-49,-54,-54,-54,-54,39.85923106,indoor,
f4:2e:7f:79:98:f3,f4:2e:7f:79:98:f4,f4:2e:7f:79:98:f5,f4:2e:7f:79:98:f6,f4:2e:7f:79:98:f2,-58,-58,-58,-58,-62,47.53894374,indoor,
f4:2e:7f:79:98:f3,f4:2e:7f:79:98:f4,f4:2e:7f:79:98:f5,f4:2e:7f:79:98:f6,f4:2e:7f:79:98:f2,-58,-58,-58,-58,-62,42.72989865,indoor,
f4:2e:7f:79:98:f2,f4:2e:7f:79:98:f4,f4:2e:7f:79:98:f5,f4:2e:7f:79:98:f6,f4:2e:7f:79:98:f3,-48,-55,-55,-55,-57,41.06629162,indoor,
f4:2e:7f:79:98:f2,f4:2e:7f:79:98:f3,f4:2e:7f:79:98:f6,f4:2e:7f:79:98:f4,f4:2e:7f:79:98:e6,-44,-45,-45,-46,-58,35.2879322,indoor,
f4:2e:7f:79:98:f2,f4:2e:7f:79:98:e3,f4:2e:7f:79:98:e4,f4:2e:7f:79:98:e5,f4:2e:7f:79:98:e6,-49,-59,-59,-59,-59,41.63003794,indoor,
f4:2e:7f:79:98:f2,f4:2e:7f:79:98:e3,f4:2e:7f:79:98:e4,f4:2e:7f:79:98:e5,f4:2e:7f:79:98:e6,-49,-59,-59,-59,-59,38.09820556,indoor,
f4:2e:7f:79:98:f5,f4:2e:7f:79:98:f6,f4:2e:7f:79:98:f3,f4:2e:7f:79:98:f4,f4:2e:7f:79:98:f2,-53,-54,-55,-55,-58,35.04495578,indoor,
f4:2e:7f:79:98:f3,f4:2e:7f:79:98:f2,f4:2e:7f:79:98:f4,f4:2e:7f:79:98:f5,f4:2e:7f:79:98:f6,-51,-52,-52,-52,-52,36.36599505,indoor,
f4:2e:7f:79:98:f3,f4:2e:7f:79:98:f2,f4:2e:7f:79:98:f4,f4:2e:7f:79:98:f5,f4:2e:7f:79:98:f6,-51,-52,-52,-52,-52,36.91581924,indoor,
f4:2e:7f:79:98:f3,f4:2e:7f:79:98:f2,f4:2e:7f:79:98:f4,f4:2e:7f:79:98:f5,f4:2e:7f:79:98:f6,-51,-52,-52,-52,-52,35.84658677,indoor,
f4:2e:7f:79:98:f3,f4:2e:7f:79:98:f2,f4:2e:7f:79:98:f4,f4:2e:7f:79:98:f5,f4:2e:7f:79:98:f6,-51,-52,-52,-52,-52,37.52887235,indoor,
f4:2e:7f:79:98:f3,f4:2e:7f:79:98:f2,f4:2e:7f:79:98:f4,f4:2e:7f:79:98:f5,f4:2e:7f:79:98:f6,-51,-52,-52,-52,-52,36.25107757,indoor,
f4:2e:7f:79:98:f3,f4:2e:7f:79:98:f4,f4:2e:7f:79:98:f5,f4:2e:7f:79:98:f6,f4:2e:7f:79:98:f0,-62,-62,-62,-62,-62,36.55038027,indoor,
f4:2e:7f:79:98:f3,f4:2e:7f:79:98:f4,f4:2e:7f:79:98:f5,f4:2e:7f:79:98:f6,f4:2e:7f:79:98:f2,-62,-62,-62,-62,-63,36.65734893,indoor,
f4:2e:7f:79:98:f3,f4:2e:7f:79:98:f4,f4:2e:7f:79:98:f5,f4:2e:7f:79:98:f6,f4:2e:7f:79:98:f2,-62,-62,-62,-62,-63,36.59137648,indoor,
f4:2e:7f:79:98:f2,f4:2e:7f:79:98:f4,f4:2e:7f:79:98:f6,f4:2e:7f:79:98:f3,f4:2e:7f:79:98:f5,-57,-57,-57,-58,-59,35.8625305,outdoor,
f4:2e:7f:79:98:f2,f4:2e:7f:79:98:f4,f4:2e:7f:79:98:f6,f4:2e:7f:79:98:f3,f4:2e:7f:79:98:f5,-57,-57,-57,-58,-59,35.49118233,outdoor,
f4:2e:7f:79:98:f2,f4:2e:7f:79:a3:25,f4:2e:7f:79:a3:26,f4:2e:7f:79:a3:32,f4:2e:7f:79:a3:33,-77,-77,-77,-78,-78,34.77846497,outdoor,
f4:2e:7f:79:98:f2,f4:2e:7f:79:a3:24,f4:2e:7f:79:a3:25,f4:2e:7f:79:a3:26,f4:2e:7f:79:98:f3,-75,-76,-76,-76,-76,35.20415313,outdoor,
f4:2e:7f:79:98:f2,f4:2e:7f:79:a3:24,f4:2e:7f:79:a3:25,f4:2e:7f:79:a3:26,f4:2e:7f:79:98:f3,-75,-76,-76,-76,-76,35.47511644,outdoor,
f4:2e:7f:79:98:f2,f4:2e:7f:79:98:f3,f4:2e:7f:79:98:f4,f4:2e:7f:79:98:f5,f4:2e:7f:79:98:f6,-73,-74,-74,-74,-74,37.26363006,outdoor,
f4:2e:7f:79:98:f2,f4:2e:7f:79:98:f3,f4:2e:7f:79:98:f4,f4:2e:7f:79:98:f5,f4:2e:7f:79:98:f6,-73,-74,-74,-74,-74,38.5992152,outdoor,
f4:2e:7f:79:98:f2,f4:2e:7f:79:98:f3,f4:2e:7f:79:98:f4,f4:2e:7f:79:98:f5,f4:2e:7f:79:98:f6,-77,-78,-78,-78,-79,39.08608038,outdoor,
f4:2e:7f:79:98:f2,f4:2e:7f:79:98:f3,f4:2e:7f:79:98:f4,f4:2e:7f:79:98:f5,f4:2e:7f:79:98:f6,-77,-78,-78,-78,-79,35.68695271,outdoor,
f4:2e:7f:79:98:f2,f4:2e:7f:79:98:f3,f4:2e:7f:79:98:f4,f4:2e:7f:79:98:f5,f4:2e:7f:79:98:f6,-78,-78,-78,-78,-79,37.00750821,outdoor,
f4:2e:7f:79:98:f2,f4:2e:7f:79:98:f3,f4:2e:7f:79:98:f4,f4:2e:7f:79:98:f5,f4:2e:7f:79:98:f6,-71,-72,-72,-72,-72,36.21461264,outdoor,
f4:2e:7f:79:98:e6,f4:2e:7f:79:98:e3,f4:2e:7f:79:98:e5,f4:2e:7f:79:98:e4,f4:2e:7f:79:98:e2,-52,-53,-53,-54,-54,36.28173786,outdoor,
f4:2e:7f:79:98:e6,f4:2e:7f:79:98:e3,f4:2e:7f:79:98:e5,f4:2e:7f:79:98:e4,f4:2e:7f:79:98:e2,-52,-53,-53,-54,-54,36.41808083,outdoor,
f4:2e:7f:79:98:e6,f4:2e:7f:79:98:e3,f4:2e:7f:79:98:e5,f4:2e:7f:79:98:e4,f4:2e:7f:79:98:e2,-52,-53,-53,-54,-54,38.41735689,outdoor,
f4:2e:7f:79:98:e2,f4:2e:7f:79:98:e4,f4:2e:7f:79:98:e5,84:16:f9:c8:c9:c8,f4:2e:7f:79:98:e3,-66,-72,-72,-72,-73,38.11430594,outdoor,
f4:2e:7f:79:98:e2,f4:2e:7f:79:98:e5,f4:2e:7f:79:98:e6,f4:2e:7f:79:98:e4,f4:2e:7f:79:98:e3,-66,-70,-70,-71,-73,38.08622035,outdoor,
f4:2e:7f:79:98:e2,f4:2e:7f:79:98:e5,f4:2e:7f:79:98:e6,f4:2e:7f:79:98:e4,f4:2e:7f:79:98:e3,-66,-70,-70,-71,-73,37.45381596,outdoor,
f4:2e:7f:79:98:e2,f4:2e:7f:79:98:e5,f4:2e:7f:79:98:e6,f4:2e:7f:79:98:e4,f4:2e:7f:79:98:e3,-66,-70,-70,-71,-73,35.92710447,outdoor,
f4:2e:7f:79:98:e2,f4:2e:7f:79:98:e5,f4:2e:7f:79:98:e6,f4:2e:7f:79:98:e4,f4:2e:7f:79:98:e3,-66,-70,-70,-71,-73,37.83610607,outdoor,
f4:2e:7f:79:98:e2,f4:2e:7f:79:98:e5,f4:2e:7f:79:98:e6,f4:2e:7f:79:98:e4,f4:2e:7f:79:98:e3,-66,-70,-70,-71,-73,39.3150632,outdoor,
f4:2e:7f:79:a3:30,f4:2e:7f:79:a3:33,f4:2e:7f:79:a3:34,f4:2e:7f:79:a3:35,f4:2e:7f:79:a3:36,-78,-79,-79,-79,-79,37.86974779,outdoor,
f4:2e:7f:79:a3:32,f4:2e:7f:79:a3:33,f4:2e:7f:79:a3:35,f4:2e:7f:79:a3:36,f4:2e:7f:79:a3:34,-55,-56,-56,-56,-57,38.67566585,outdoor,
f4:2e:7f:79:a3:32,f4:2e:7f:79:a3:33,f4:2e:7f:79:a3:35,f4:2e:7f:79:a3:36,f4:2e:7f:79:a3:34,-55,-56,-56,-56,-57,35.54565073,outdoor,
f4:2e:7f:79:a3:25,f4:2e:7f:79:a3:23,f4:2e:7f:79:a3:35,f4:2e:7f:79:a3:36,f4:2e:7f:79:a3:26,-54,-55,-55,-55,-56,40.63830912,outdoor,
f4:2e:7f:79:a4:66,f4:2e:7f:79:a4:64,f4:2e:7f:79:a4:63,f4:2e:7f:79:a4:65,f4:2e:7f:79:a3:23,-51,-53,-54,-56,-59,40.89889789,outdoor,
f4:2e:7f:79:a4:66,f4:2e:7f:79:a4:64,f4:2e:7f:79:a4:63,f4:2e:7f:79:a4:65,f4:2e:7f:79:a3:23,-51,-53,-54,-56,-59,41.11257589,outdoor,
f4:2e:7f:79:a3:32,f4:2e:7f:79:a3:33,f4:2e:7f:79:a3:34,f4:2e:7f:79:a3:35,f4:2e:7f:79:a3:36,-53,-60,-60,-60,-60,39.5074734,outdoor,
f4:2e:7f:79:a3:32,f4:2e:7f:79:a3:33,f4:2e:7f:79:a3:34,f4:2e:7f:79:a3:35,f4:2e:7f:79:a3:36,-53,-60,-60,-60,-60,40.30259084,outdoor,
f4:2e:7f:79:a3:32,f4:2e:7f:79:a3:34,f4:2e:7f:79:a3:35,f4:2e:7f:79:a3:33,f4:2e:7f:79:a3:36,-47,-50,-50,-51,-51,40.06190583,outdoor,
f4:2e:7f:79:a3:32,f4:2e:7f:79:a3:33,f4:2e:7f:79:a3:34,f4:2e:7f:79:a3:35,f4:2e:7f:79:a3:36,-51,-53,-53,-53,-53,37.43732556,outdoor,
f4:2e:7f:79:a3:32,f4:2e:7f:79:a3:33,f4:2e:7f:79:a3:34,f4:2e:7f:79:a3:35,f4:2e:7f:79:a3:36,-51,-53,-53,-53,-53,39.70941048,outdoor,
f4:2e:7f:79:a3:32,f4:2e:7f:79:a3:35,f4:2e:7f:79:a3:33,f4:2e:7f:79:a3:34,f4:2e:7f:79:a3:36,-50,-50,-51,-51,-51,39.0849904,outdoor,
f4:2e:7f:79:a3:24,f4:2e:7f:79:a3:33,f4:2e:7f:79:a3:34,f4:2e:7f:79:a3:35,f4:2e:7f:79:a3:36,-46,-46,-46,-46,-47,38.83649463,outdoor,
f4:2e:7f:79:a3:33,f4:2e:7f:79:a3:34,f4:2e:7f:79:a3:36,f4:2e:7f:79:a3:35,f4:2e:7f:79:a3:24,-33,-33,-33,-35,-43,37.43744131,outdoor,
f4:2e:7f:79:a3:33,f4:2e:7f:79:a3:34,f4:2e:7f:79:a3:36,f4:2e:7f:79:a3:35,f4:2e:7f:79:a3:24,-33,-33,-33,-35,-43,34.54482729,outdoor,
f4:2e:7f:79:a3:23,f4:2e:7f:79:a3:24,f4:2e:7f:79:a3:25,f4:2e:7f:79:a3:22,f4:2e:7f:79:a3:26,-54,-54,-54,-54,-55,37.76711183,outdoor,
f4:2e:7f:79:a4:62,f4:2e:7f:79:a3:33,f4:2e:7f:79:a3:34,f4:2e:7f:79:a3:35,f4:2e:7f:79:a3:36,-51,-52,-52,-52,-52,33.63347034,outdoor,
f4:2e:7f:79:a4:62,f4:2e:7f:79:a3:33,f4:2e:7f:79:a3:34,f4:2e:7f:79:a3:35,f4:2e:7f:79:a3:36,-51,-52,-52,-52,-52,38.95643256,outdoor,
f4:2e:7f:79:a3:32,f4:2e:7f:79:a3:33,f4:2e:7f:79:a3:35,f4:2e:7f:79:a3:36,f4:2e:7f:79:a3:34,-49,-53,-53,-54,-55,46.37069345,outdoor,
f4:2e:7f:79:a3:32,f4:2e:7f:79:a3:33,f4:2e:7f:79:a3:34,f4:2e:7f:79:a3:35,f4:2e:7f:79:a3:36,-47,-49,-49,-49,-49,42.06918305,outdoor,
f4:2e:7f:79:a3:32,f4:2e:7f:79:a3:33,f4:2e:7f:79:a3:34,f4:2e:7f:79:a3:35,f4:2e:7f:79:a3:36,-47,-49,-49,-49,-49,46.24176975,outdoor,
f4:2e:7f:79:a3:32,f4:2e:7f:79:a3:33,f4:2e:7f:79:a3:34,f4:2e:7f:79:a3:35,f4:2e:7f:79:a3:36,-39,-46,-46,-46,-46,41.75802225,outdoor,
f4:2e:7f:79:a3:26,f4:2e:7f:79:a3:33,f4:2e:7f:79:a3:34,f4:2e:7f:79:a3:36,f4:2e:7f:79:a3:23,-47,-47,-47,-47,-48,34.44421299,outdoor,
f4:2e:7f:79:a3:30,f4:2e:7f:79:a3:33,f4:2e:7f:79:a3:34,f4:2e:7f:79:a3:35,f4:2e:7f:79:a3:36,-78,-79,-79,-79,-79,35.8723152,outdoor,
f4:2e:7f:79:a3:26,f4:2e:7f:79:a3:33,f4:2e:7f:79:a3:34,f4:2e:7f:79:a3:36,f4:2e:7f:79:a3:23,-47,-47,-47,-47,-48,35.26991694,outdoor,
f4:2e:7f:79:a3:33,f4:2e:7f:79:a3:34,f4:2e:7f:79:a3:35,f4:2e:7f:79:a3:36,f4:2e:7f:79:a3:32,-48,-48,-48,-48,-50,33.66907616,outdoor,
f4:2e:7f:79:a3:32,f4:2e:7f:79:a3:34,f4:2e:7f:79:a3:35,f4:2e:7f:79:a3:36,f4:2e:7f:79:a3:23,-45,-47,-47,-47,-48,36.10089891,outdoor,
f4:2e:7f:79:a3:22,f4:2e:7f:79:a3:23,f4:2e:7f:79:a3:32,f4:2e:7f:79:a3:34,f4:2e:7f:79:a3:36,-50,-52,-55,-56,-56,38.02823594,outdoor,
f4:2e:7f:79:a3:22,f4:2e:7f:79:a3:23,f4:2e:7f:79:a3:32,f4:2e:7f:79:a3:34,f4:2e:7f:79:a3:36,-50,-52,-55,-56,-56,42.61653228,outdoor,
f4:2e:7f:79:a3:32,f4:2e:7f:79:a3:33,f4:2e:7f:79:a3:34,f4:2e:7f:79:a3:35,f4:2e:7f:79:a3:36,-46,-49,-49,-49,-49,46.57204967,outdoor,
f4:2e:7f:79:a3:32,f4:2e:7f:79:a3:33,f4:2e:7f:79:a3:34,f4:2e:7f:79:a3:35,f4:2e:7f:79:a3:36,-46,-49,-49,-49,-49,48.91778518,outdoor,
f4:2e:7f:79:a3:33,f4:2e:7f:79:a3:34,f4:2e:7f:79:a3:35,f4:2e:7f:79:a3:36,f4:2e:7f:79:a3:32,-51,-51,-51,-51,-52,47.56224848,outdoor,
f4:2e:7f:79:a3:32,f4:2e:7f:79:a3:33,f4:2e:7f:79:a3:34,f4:2e:7f:79:a3:36,f4:2e:7f:79:a3:35,-41,-45,-45,-45,-46,41.06512935,outdoor,
f4:2e:7f:79:a3:32,f4:2e:7f:79:a3:33,f4:2e:7f:79:a3:34,f4:2e:7f:79:a3:36,f4:2e:7f:79:a3:35,-41,-45,-45,-45,-46,33.29532053,outdoor,
f4:2e:7f:79:a3:33,f4:2e:7f:79:a3:34,f4:2e:7f:79:a3:35,f4:2e:7f:79:a3:36,f4:2e:7f:79:a3:23,-42,-42,-42,-42,-48,40.14385296,outdoor,
f4:2e:7f:79:a3:33,f4:2e:7f:79:a3:34,f4:2e:7f:79:a3:35,f4:2e:7f:79:a3:36,f4:2e:7f:79:a3:23,-42,-42,-42,-42,-48,36.16052063,outdoor,
f4:2e:7f:79:a3:23,f4:2e:7f:79:a3:24,f4:2e:7f:79:a3:26,f4:2e:7f:79:a3:25,f4:2e:7f:79:a3:33,-37,-37,-37,-38,-42,30.62594267,outdoor,
f4:2e:7f:79:a3:35,f4:2e:7f:79:a3:36,f4:2e:7f:79:a3:33,f4:2e:7f:79:a3:34,f4:2e:7f:79:a3:24,-47,-47,-48,-48,-52,33.37005281,outdoor,
f4:2e:7f:79:a3:35,f4:2e:7f:79:a3:36,f4:2e:7f:79:a3:33,f4:2e:7f:79:a3:34,f4:2e:7f:79:a3:24,-47,-47,-48,-48,-52,30.837229,outdoor,
f4:2e:7f:79:a3:32,f4:2e:7f:79:a3:33,f4:2e:7f:79:a3:34,f4:2e:7f:79:a3:36,f4:2e:7f:79:a3:35,-53,-62,-65,-65,-66,36.29194771,outdoor,
f4:2e:7f:79:a3:32,f4:2e:7f:79:a3:34,f4:2e:7f:79:a3:33,f4:2e:7f:79:a3:35,f4:2e:7f:79:a3:36,-44,-46,-47,-47,-47,35.42948853,outdoor,
f4:2e:7f:79:a3:32,f4:2e:7f:79:a3:34,f4:2e:7f:79:a3:33,f4:2e:7f:79:a3:35,f4:2e:7f:79:a3:36,-44,-46,-47,-47,-47,34.62279297,outdoor,
f4:2e:7f:79:a3:33,f4:2e:7f:79:a3:34,f4:2e:7f:79:a3:35,f4:2e:7f:79:a3:36,f4:2e:7f:79:a3:22,-41,-41,-41,-42,-51,30.8949113,outdoor,
f4:2e:7f:79:a3:32,f4:2e:7f:79:a4:75,f4:2e:7f:79:a4:76,f4:2e:7f:79:98:e6,f4:2e:7f:79:a4:72,-51,-73,-73,-74,-74,37.53081742,outdoor,
f4:2e:7f:79:a3:32,f4:2e:7f:79:a4:75,f4:2e:7f:79:a4:76,f4:2e:7f:79:98:e6,f4:2e:7f:79:a4:72,-51,-73,-73,-74,-74,36.57218088,outdoor,
f4:2e:7f:79:a3:32,f4:2e:7f:79:a3:33,f4:2e:7f:79:a3:34,f4:2e:7f:79:a3:35,f4:2e:7f:79:a3:36,-44,-46,-46,-46,-46,37.96164736,outdoor,
f4:2e:7f:79:a3:32,f4:2e:7f:79:a3:33,f4:2e:7f:79:a3:34,f4:2e:7f:79:a3:35,f4:2e:7f:79:a3:36,-44,-46,-46,-46,-46,41.42427968,outdoor,
f4:2e:7f:79:a3:33,f4:2e:7f:79:a3:34,f4:2e:7f:79:a3:35,f4:2e:7f:79:a3:36,f4:2e:7f:79:a3:32,-49,-50,-50,-50,-51,43.36932178,outdoor,
f4:2e:7f:79:a3:23,f4:2e:7f:79:a3:24,f4:2e:7f:79:a3:25,f4:2e:7f:79:a3:26,f4:2e:7f:79:a3:32,-56,-56,-56,-56,-70,34.65328232,outdoor,
f4:2e:7f:79:a3:23,f4:2e:7f:79:a3:24,f4:2e:7f:79:a3:25,f4:2e:7f:79:a3:26,f4:2e:7f:79:a3:32,-56,-56,-56,-56,-70,36.88752767,outdoor,
f4:2e:7f:79:a4:62,f4:2e:7f:79:a4:65,f4:2e:7f:79:a4:64,f4:2e:7f:79:a4:63,f4:2e:7f:79:a4:66,-57,-60,-60,-61,-61,37.05363412,outdoor,
f4:2e:7f:79:a4:62,f4:2e:7f:79:a4:65,f4:2e:7f:79:a4:64,f4:2e:7f:79:a4:63,f4:2e:7f:79:a4:66,-57,-60,-60,-61,-61,39.26252848,outdoor,
f4:2e:7f:79:a4:62,f4:2e:7f:79:a4:65,f4:2e:7f:79:a4:64,f4:2e:7f:79:a4:66,f4:2e:7f:79:a4:63,-58,-59,-59,-59,-60,43.81285385,outdoor,
f4:2e:7f:79:a4:62,f4:2e:7f:79:a4:76,f4:2e:7f:79:a4:73,f4:2e:7f:79:a4:74,f4:2e:7f:79:a4:75,-71,-75,-76,-76,-76,41.69788511,outdoor,
f4:2e:7f:79:a4:62,f4:2e:7f:79:a4:76,f4:2e:7f:79:a4:73,f4:2e:7f:79:a4:74,f4:2e:7f:79:a4:75,-71,-75,-76,-76,-76,39.06072496,outdoor,
f4:2e:7f:79:a4:62,f4:2e:7f:79:a4:76,f4:2e:7f:79:a4:73,f4:2e:7f:79:a4:74,f4:2e:7f:79:a4:75,-71,-75,-76,-76,-76,37.31774886,outdoor,
f4:2e:7f:79:a4:64,f4:2e:7f:79:a4:63,f4:2e:7f:79:a4:65,f4:2e:7f:79:a4:66,f4:2e:7f:79:a4:76,-68,-69,-69,-69,-73,38.26720406,outdoor,
f4:2e:7f:79:a4:62,f4:2e:7f:79:a4:76,f4:2e:7f:79:a4:70,f4:2e:7f:79:a4:72,f4:2e:7f:79:a4:73,-69,-78,-78,-79,-79,38.39348026,outdoor,
f4:2e:7f:79:a4:62,f4:2e:7f:79:a4:76,f4:2e:7f:79:a4:70,f4:2e:7f:79:a4:72,f4:2e:7f:79:a4:73,-69,-78,-78,-79,-79,38.20588244,outdoor,
f4:2e:7f:79:a4:62,f4:2e:7f:79:a4:76,f4:2e:7f:79:a4:70,f4:2e:7f:79:a4:72,f4:2e:7f:79:a4:73,-69,-78,-78,-79,-79,38.02829051,outdoor,
f4:2e:7f:79:a4:62,f4:2e:7f:79:a4:72,f4:2e:7f:79:a4:73,f4:2e:7f:79:a4:74,f4:2e:7f:79:a4:75,-65,-66,-66,-66,-66,38.24522699,outdoor,
f4:2e:7f:79:a4:62,f4:2e:7f:79:a4:72,f4:2e:7f:79:a4:73,f4:2e:7f:79:a4:74,f4:2e:7f:79:a4:75,-65,-66,-66,-66,-66,39.46700096,outdoor,
f4:2e:7f:79:a4:62,f4:2e:7f:79:a4:72,f4:2e:7f:79:a4:73,f4:2e:7f:79:a4:74,f4:2e:7f:79:a4:75,-65,-66,-66,-66,-66,39.52883207,outdoor,
f4:2e:7f:79:a4:74,f4:2e:7f:79:a4:75,f4:2e:7f:79:a4:76,f4:2e:7f:79:a4:72,f4:2e:7f:79:a4:73,-53,-53,-53,-54,-54,46.59629646,outdoor,
f4:2e:7f:79:a4:74,f4:2e:7f:79:a4:75,f4:2e:7f:79:a4:76,f4:2e:7f:79:a4:72,f4:2e:7f:79:a4:73,-53,-53,-53,-54,-54,46.51447292,outdoor,
f4:2e:7f:79:a4:63,f4:2e:7f:79:a4:65,f4:2e:7f:79:a4:64,f4:2e:7f:79:a4:62,f4:2e:7f:79:a4:72,-54,-54,-54,-54,-57,42.03999967,outdoor,
f4:2e:7f:79:a4:72,f4:2e:7f:79:a4:75,f4:2e:7f:79:a4:76,f4:2e:7f:79:a4:73,f4:2e:7f:79:a4:74,-52,-55,-55,-56,-56,46.89692196,outdoor,
f4:2e:7f:79:a4:72,f4:2e:7f:79:a4:75,f4:2e:7f:79:a4:76,f4:2e:7f:79:a4:73,f4:2e:7f:79:a4:74,-52,-55,-55,-56,-56,50.90278725,outdoor,
f4:2e:7f:79:a4:73,f4:2e:7f:79:a4:74,f4:2e:7f:79:a4:75,f4:2e:7f:79:a4:76,f4:2e:7f:79:a4:72,-50,-50,-50,-51,-52,52.49668191,outdoor,
f4:2e:7f:79:a4:73,f4:2e:7f:79:a4:74,f4:2e:7f:79:a4:75,f4:2e:7f:79:a4:76,f4:2e:7f:79:a4:72,-50,-50,-50,-51,-52,46.07431264,outdoor,
f4:2e:7f:79:a4:63,f4:2e:7f:79:a4:72,f4:2e:7f:79:a3:24,f4:2e:7f:79:a3:23,f4:2e:7f:79:a3:32,-41,-59,-64,-64,-67,52.40984633,outdoor,
f4:2e:7f:79:a4:72,f4:2e:7f:79:a4:64,f4:2e:7f:79:a4:66,f4:2e:7f:79:a4:65,f4:2e:7f:79:a0:22,-38,-50,-50,-51,-80,39.78605658,outdoor,
f4:2e:7f:79:a4:72,f4:2e:7f:79:a4:64,f4:2e:7f:79:a4:66,f4:2e:7f:79:a4:65,f4:2e:7f:79:a0:22,-38,-50,-50,-51,-80,40.81571371,outdoor,
f4:2e:7f:79:a4:74,f4:2e:7f:79:a4:76,f4:2e:7f:79:a4:73,f4:2e:7f:79:a4:75,f4:2e:7f:79:a4:72,-40,-40,-41,-41,-43,32.24388834,outdoor,
f4:2e:7f:79:a4:72,f4:2e:7f:79:a4:74,f4:2e:7f:79:a4:75,f4:2e:7f:79:a4:76,f4:2e:7f:79:a4:73,-49,-53,-53,-53,-55,28.52398957,outdoor,
f4:2e:7f:79:a4:72,f4:2e:7f:79:a4:74,f4:2e:7f:79:a4:75,f4:2e:7f:79:a4:76,f4:2e:7f:79:a4:73,-49,-53,-53,-53,-55,28.10518942,outdoor,
f4:2e:7f:79:a4:63,f4:2e:7f:79:a4:64,f4:2e:7f:79:a4:75,f4:2e:7f:79:a4:65,f4:2e:7f:79:a4:66,-43,-44,-45,-45,-45,31.97011792,outdoor,
f4:2e:7f:79:a4:73,f4:2e:7f:79:a4:76,f4:2e:7f:79:a4:75,f4:2e:7f:79:a4:72,f4:2e:7f:79:a0:22,-50,-51,-52,-56,-73,34.75672463,outdoor,
f4:2e:7f:79:a4:63,f4:2e:7f:79:a4:65,f4:2e:7f:79:a4:64,f4:2e:7f:79:a4:66,f4:2e:7f:79:a4:73,-52,-53,-53,-53,-57,37.48018682,outdoor,
f4:2e:7f:79:a4:63,f4:2e:7f:79:a4:65,f4:2e:7f:79:a4:64,f4:2e:7f:79:a4:66,f4:2e:7f:79:a4:73,-52,-53,-53,-53,-57,43.20429757,outdoor,
f4:2e:7f:79:a4:63,f4:2e:7f:79:a4:65,f4:2e:7f:79:a4:64,f4:2e:7f:79:a4:62,f4:2e:7f:79:a4:73,-51,-52,-52,-53,-64,47.86029576,outdoor,
f4:2e:7f:79:a4:76,f4:2e:7f:79:a4:74,f4:2e:7f:79:a4:75,f4:2e:7f:79:a4:73,f4:2e:7f:79:a4:72,-58,-59,-59,-60,-61,52.50619616,outdoor,
f4:2e:7f:79:a4:63,f4:2e:7f:79:a4:72,f4:2e:7f:79:a4:73,f4:2e:7f:79:a4:74,f4:2e:7f:79:a4:75,-63,-70,-71,-71,-71,57.10452912,outdoor,
f4:2e:7f:79:a4:63,f4:2e:7f:79:a4:72,f4:2e:7f:79:a4:73,f4:2e:7f:79:a4:74,f4:2e:7f:79:a4:75,-63,-70,-71,-71,-71,47.66240995,outdoor,
f4:2e:7f:79:a4:72,f4:2e:7f:79:a4:65,f4:2e:7f:79:a4:64,f4:2e:7f:79:a4:66,f4:2e:7f:79:a4:62,-52,-53,-53,-53,-53,49.26969338,outdoor,
f4:2e:7f:79:a4:72,f4:2e:7f:79:a4:65,f4:2e:7f:79:a4:64,f4:2e:7f:79:a4:66,f4:2e:7f:79:a4:62,-52,-53,-53,-53,-53,40.01430713,outdoor,
f4:2e:7f:79:a4:72,f4:2e:7f:79:a4:73,f4:2e:7f:79:a4:74,f4:2e:7f:79:a4:75,f4:2e:7f:79:a4:76,-57,-58,-58,-58,-58,41.54272027,outdoor,
f4:2e:7f:79:a4:72,f4:2e:7f:79:a4:73,f4:2e:7f:79:a4:74,f4:2e:7f:79:a4:75,f4:2e:7f:79:a4:76,-61,-62,-62,-62,-63,41.44534564,outdoor,
f4:2e:7f:79:a4:72,f4:2e:7f:79:a4:73,f4:2e:7f:79:a4:74,f4:2e:7f:79:a4:75,f4:2e:7f:79:a4:76,-61,-62,-62,-62,-63,41.56527834,outdoor,
f4:2e:7f:79:a4:73,f4:2e:7f:79:a4:74,f4:2e:7f:79:a4:75,f4:2e:7f:79:a4:76,f4:2e:7f:79:a4:72,-56,-56,-56,-56,-57,39.51889784,outdoor,
f4:2e:7f:79:a4:72,f4:2e:7f:79:a4:65,f4:2e:7f:79:a4:66,f4:2e:7f:79:a4:62,f4:2e:7f:79:a4:63,-51,-57,-57,-57,-58,39.55284582,outdoor,
f4:2e:7f:79:a4:72,f4:2e:7f:79:a4:65,f4:2e:7f:79:a4:66,f4:2e:7f:79:a4:62,f4:2e:7f:79:a4:63,-51,-57,-57,-57,-58,42.24033873,outdoor,
f4:2e:7f:79:a4:73,f4:2e:7f:79:a4:75,f4:2e:7f:79:a4:76,f4:2e:7f:79:a4:72,f4:2e:7f:79:a0:24,-52,-52,-52,-53,-80,38.05744206,outdoor,
f4:2e:7f:79:a4:73,f4:2e:7f:79:a4:75,f4:2e:7f:79:a4:76,f4:2e:7f:79:a4:72,f4:2e:7f:79:a0:24,-52,-52,-52,-53,-80,38.0644627,outdoor,
f4:2e:7f:79:a4:72,f4:2e:7f:79:a4:73,f4:2e:7f:79:a4:74,f4:2e:7f:79:a4:75,f4:2e:7f:79:a4:76,-61,-63,-63,-63,-64,41.04160487,outdoor,
f4:2e:7f:79:a4:63,f4:2e:7f:79:a4:65,f4:2e:7f:79:a4:72,f4:2e:7f:79:a4:73,f4:2e:7f:79:a4:74,-52,-52,-53,-58,-58,44.41798644,outdoor,
f4:2e:7f:79:a4:63,f4:2e:7f:79:a4:65,f4:2e:7f:79:a4:72,f4:2e:7f:79:a4:73,f4:2e:7f:79:a4:74,-52,-52,-53,-58,-58,74.98138441,outdoor,
f4:2e:7f:79:a4:72,f4:2e:7f:79:a4:73,f4:2e:7f:79:a4:74,f4:2e:7f:79:a4:75,f4:2e:7f:79:a4:76,-55,-55,-55,-55,-55,34.01305184,outdoor,
f4:2e:7f:79:a4:72,f4:2e:7f:79:a4:63,f4:2e:7f:79:a4:66,f4:2e:7f:79:a4:62,f4:2e:7f:79:a4:65,-55,-57,-57,-57,-58,37.58297948,outdoor,
f4:2e:7f:79:a4:72,f4:2e:7f:79:a4:63,f4:2e:7f:79:a4:66,f4:2e:7f:79:a4:62,f4:2e:7f:79:a4:65,-55,-57,-57,-57,-58,40.45508788,outdoor,
f4:2e:7f:79:a4:73,f4:2e:7f:79:a4:74,f4:2e:7f:79:a4:75,f4:2e:7f:79:a4:76,f4:2e:7f:79:a4:72,-48,-48,-48,-48,-49,36.93180543,outdoor,
f4:2e:7f:79:a4:73,f4:2e:7f:79:a4:74,f4:2e:7f:79:a4:75,f4:2e:7f:79:a4:76,f4:2e:7f:79:a4:72,-48,-48,-48,-48,-49,35.96648627,outdoor,
f4:2e:7f:79:a4:72,f4:2e:7f:79:a4:73,f4:2e:7f:79:a4:74,f4:2e:7f:79:a4:75,f4:2e:7f:79:a4:76,-40,-42,-42,-42,-42,32.32244732,outdoor,
f4:2e:7f:79:a4:63,f4:2e:7f:79:a4:65,f4:2e:7f:79:a4:62,f4:2e:7f:79:a4:64,f4:2e:7f:79:a4:66,-44,-44,-44,-45,-45,38.56243986,outdoor,
f4:2e:7f:79:a4:73,f4:2e:7f:79:a4:74,f4:2e:7f:79:a4:75,f4:2e:7f:79:a4:76,f4:2e:7f:79:a4:72,-61,-61,-61,-62,-64,39.90284221,outdoor,
f4:2e:7f:79:a4:72,f4:2e:7f:79:a4:73,f4:2e:7f:79:a4:74,f4:2e:7f:79:a4:75,f4:2e:7f:79:a4:76,-43,-49,-49,-49,-49,33.98420079,outdoor,
f4:2e:7f:79:a4:72,f4:2e:7f:79:a4:73,f4:2e:7f:79:a4:74,f4:2e:7f:79:a4:75,f4:2e:7f:79:a4:76,-45,-57,-57,-57,-57,31.73360567,outdoor,
,,,,,,,,,,36.8459764,outdoor,
f4:2e:7f:79:a4:65,f4:2e:7f:79:a4:64,f4:2e:7f:79:a4:66,f4:2e:7f:79:a4:63,f4:2e:7f:79:a4:72,-45,-45,-45,-46,-54,36.69820902,outdoor,
f4:2e:7f:79:a4:64,f4:2e:7f:79:a4:66,f4:2e:7f:79:a4:63,f4:2e:7f:79:a4:65,f4:2e:7f:79:a4:62,-44,-45,-46,-46,-46,36.74365678,outdoor,
f4:2e:7f:79:a4:72,f4:2e:7f:79:a3:32,f4:2e:7f:79:a3:33,f4:2e:7f:79:a3:34,f4:2e:7f:79:a3:35,-53,-79,-80,-80,-80,37.34076217,outdoor,
f4:2e:7f:79:a4:72,f4:2e:7f:79:a3:32,f4:2e:7f:79:a3:33,f4:2e:7f:79:a3:34,f4:2e:7f:79:a3:35,-53,-79,-80,-80,-80,34.58933534,outdoor,
f4:2e:7f:79:a4:73,f4:2e:7f:79:a4:75,f4:2e:7f:79:a4:74,f4:2e:7f:79:a4:76,f4:2e:7f:79:a4:72,-43,-43,-44,-44,-49,31.91001638,outdoor,
f4:2e:7f:79:a4:73,f4:2e:7f:79:a4:74,f4:2e:7f:79:a4:75,f4:2e:7f:79:a4:76,f4:2e:7f:79:a4:65,-45,-45,-45,-45,-47,33.72906071,outdoor,
f4:2e:7f:79:a4:66,f4:2e:7f:79:a4:63,f4:2e:7f:79:a4:62,f4:2e:7f:79:a4:64,f4:2e:7f:79:a4:73,-47,-48,-48,-49,-50,33.1865363,outdoor,
f4:2e:7f:79:a4:66,f4:2e:7f:79:a4:63,f4:2e:7f:79:a4:62,f4:2e:7f:79:a4:64,f4:2e:7f:79:a4:73,-47,-48,-48,-49,-50,31.14526884,outdoor,
f4:2e:7f:79:a4:72,f4:2e:7f:79:a4:73,f4:2e:7f:79:a4:74,f4:2e:7f:79:a4:75,f4:2e:7f:79:a4:76,-62,-63,-63,-63,-63,29.39688555,outdoor,
f4:2e:7f:79:a4:72,f4:2e:7f:79:a0:33,f4:2e:7f:79:a0:36,f4:2e:7f:79:a0:32,f4:2e:7f:79:a0:34,-60,-87,-88,-88,-89,29.30571742,outdoor,
f4:2e:7f:79:a4:72,f4:2e:7f:79:a0:33,f4:2e:7f:79:a0:36,f4:2e:7f:79:a0:32,f4:2e:7f:79:a0:34,-60,-87,-88,-88,-89,29.40246285,outdoor,
f4:2e:7f:79:a4:72,f4:2e:7f:79:a4:63,f4:2e:7f:79:a4:64,f4:2e:7f:79:a4:62,f4:2e:7f:79:a4:73,-55,-59,-59,-59,-61,29.46340794,outdoor,
f4:2e:7f:79:a4:72,f4:2e:7f:79:a4:73,f4:2e:7f:79:a4:74,f4:2e:7f:79:a4:75,f4:2e:7f:79:a4:76,-61,-61,-61,-61,-61,40.02884702,outdoor,
f4:2e:7f:79:a4:72,f4:2e:7f:79:a3:24,f4:2e:7f:79:a3:23,f4:2e:7f:79:a3:22,,-49,-75,-75,-77,,42.02017744,outdoor,
f4:2e:7f:79:a4:72,f4:2e:7f:79:a3:24,f4:2e:7f:79:a3:23,f4:2e:7f:79:a3:22,,-49,-75,-75,-77,,31.68759053,outdoor,
f4:2e:7f:79:a4:72,f4:2e:7f:79:a4:73,f4:2e:7f:79:a4:74,f4:2e:7f:79:a4:75,f4:2e:7f:79:a4:76,-56,-56,-56,-56,-56,31.13240178,outdoor,
f4:2e:7f:79:a4:72,f4:2e:7f:79:a4:73,f4:2e:7f:79:a4:74,f4:2e:7f:79:a4:75,f4:2e:7f:79:a4:76,-59,-59,-59,-59,-59,31.25535696,outdoor,
f4:2e:7f:79:a4:72,f4:2e:7f:79:a4:73,f4:2e:7f:79:a4:74,f4:2e:7f:79:a4:75,f4:2e:7f:79:a4:76,-59,-59,-59,-59,-59,31.24185148,outdoor,
f4:2e:7f:79:a4:72,f4:2e:7f:79:a4:73,f4:2e:7f:79:a4:74,f4:2e:7f:79:a4:75,f4:2e:7f:79:a4:76,-58,-60,-60,-60,-60,42.94828348,outdoor,
f4:2e:7f:79:a4:73,f4:2e:7f:79:a4:74,f4:2e:7f:79:a4:75,f4:2e:7f:79:a4:76,f4:2e:7f:79:a4:72,-50,-50,-50,-50,-51,40.42926404,outdoor,
f4:2e:7f:79:a4:73,f4:2e:7f:79:a4:74,f4:2e:7f:79:a4:75,f4:2e:7f:79:a4:76,f4:2e:7f:79:a4:72,-50,-50,-50,-50,-51,41.28154275,outdoor,
f4:2e:7f:79:a4:63,f4:2e:7f:79:a4:65,f4:2e:7f:79:a4:64,f4:2e:7f:79:a4:66,f4:2e:7f:79:a4:73,-52,-52,-52,-52,-59,39.14805319,outdoor,
f4:2e:7f:79:a4:73,f4:2e:7f:79:a4:74,f4:2e:7f:79:a4:75,f4:2e:7f:79:a4:76,f4:2e:7f:79:a4:72,-56,-56,-56,-56,-57,38.26161646,outdoor,
f4:2e:7f:79:a4:73,f4:2e:7f:79:a4:74,f4:2e:7f:79:a4:75,f4:2e:7f:79:a4:76,f4:2e:7f:79:a4:72,-56,-56,-56,-56,-57,38.62070478,outdoor,
f4:2e:7f:79:a4:63,f4:2e:7f:79:a4:65,f4:2e:7f:79:a4:64,f4:2e:7f:79:a4:66,f4:2e:7f:79:a4:62,-56,-56,-56,-56,-56,42.9273579,outdoor,
f4:2e:7f:79:a4:72,f4:2e:7f:79:a4:75,f4:2e:7f:79:a4:76,f4:2e:7f:79:a4:74,f4:2e:7f:79:a4:73,-54,-56,-56,-57,-58,38.71458658,outdoor,
f4:2e:7f:79:a4:73,f4:2e:7f:79:a4:74,f4:2e:7f:79:a4:75,f4:2e:7f:79:a4:76,f4:2e:7f:79:a0:24,-78,-78,-78,-78,-79,38.92022371,outdoor,
f4:2e:7f:79:a4:73,f4:2e:7f:79:a4:74,f4:2e:7f:79:a4:75,f4:2e:7f:79:a4:76,f4:2e:7f:79:a0:24,-78,-78,-78,-78,-79,47.28977431,outdoor,
7a:7d:48:12:93:e7,f4:2e:7f:79:a4:63,f4:2e:7f:79:a4:64,f4:2e:7f:79:a4:65,f4:2e:7f:79:a4:66,-69,-72,-72,-73,-73,48.11742534,outdoor,
7a:7d:48:12:93:e7,f4:2e:7f:79:a4:63,f4:2e:7f:79:a4:64,f4:2e:7f:79:a4:65,f4:2e:7f:79:a4:66,-69,-72,-72,-73,-73,46.62549744,outdoor,
f4:2e:7f:79:a4:73,f4:2e:7f:79:a4:75,7a:7d:48:12:93:e7,f4:2e:7f:79:a4:74,f4:2e:7f:79:a4:76,-72,-72,-72,-73,-73,46.04719312,outdoor,
f4:2e:7f:79:a4:72,f4:2e:7f:79:9c:d3,f4:2e:7f:79:9c:d5,f4:2e:7f:79:9c:d2,f4:2e:7f:79:9c:d4,-61,-84,-84,-85,-85,41.72474208,outdoor,
f4:2e:7f:79:a4:72,f4:2e:7f:79:a4:75,f4:2e:7f:79:a4:73,f4:2e:7f:79:a4:74,f4:2e:7f:79:a4:76,-59,-59,-60,-60,-60,37.60460346,outdoor,
f4:2e:7f:79:a4:72,f4:2e:7f:79:a4:65,f4:2e:7f:79:a4:74,f4:2e:7f:79:a4:64,f4:2e:7f:79:a4:66,-59,-62,-63,-63,-63,38.35194365,outdoor,
f4:2e:7f:79:a4:73,f4:2e:7f:79:a4:76,f4:2e:7f:79:a4:74,f4:2e:7f:79:a4:75,f4:2e:7f:79:a4:72,-57,-57,-58,-58,-64,37.58231201,outdoor,
f4:2e:7f:79:a4:72,f4:2e:7f:79:a4:73,f4:2e:7f:79:a4:74,f4:2e:7f:79:a4:75,f4:2e:7f:79:a4:76,-59,-63,-63,-63,-63,37.81371382,outdoor,
f4:2e:7f:79:a4:73,f4:2e:7f:79:a4:74,f4:2e:7f:79:a4:75,f4:2e:7f:79:a4:76,f4:2e:7f:79:a4:70,-53,-53,-53,-53,-53,39.79423394,outdoor,
f4:2e:7f:79:a4:73,f4:2e:7f:79:a4:74,f4:2e:7f:79:a4:75,f4:2e:7f:79:a4:76,f4:2e:7f:79:a4:70,-53,-53,-53,-53,-53,45.54116066,outdoor,
f4:2e:7f:79:a4:73,f4:2e:7f:79:a4:74,f4:2e:7f:79:a4:75,f4:2e:7f:79:a4:76,f4:2e:7f:79:a4:70,-53,-53,-53,-53,-53,36.88726623,outdoor,
f4:2e:7f:79:a4:72,f4:2e:7f:79:a4:63,f4:2e:7f:79:a4:66,f4:2e:7f:79:a4:64,f4:2e:7f:79:a4:65,-87,-90,-91,-92,-92,52.50555914,outdoor,
f4:2e:7f:79:a4:72,,,,,-88,,,,,51.90601718,outdoor,
f4:2e:7f:79:a4:72,,,,,-91,,,,,49.95683928,outdoor,
f4:2e:7f:79:a4:72,,,,,-91,,,,,48.75546594,outdoor,
f4:2e:7f:79:a4:72,f4:2e:7f:79:a4:64,f4:2e:7f:79:a4:65,f4:2e:7f:79:a4:63,7a:7d:48:12:93:e7,-83,-84,-84,-86,-86,41.34665227,outdoor,
f4:2e:7f:79:a0:30,f4:2e:7f:79:a0:32,f4:2e:7f:79:a0:33,f4:2e:7f:79:a0:34,f4:2e:7f:79:a0:35,-56,-56,-56,-56,-56,35.45045302,outdoor,
f4:2e:7f:79:a0:30,f4:2e:7f:79:a0:32,f4:2e:7f:79:a0:33,f4:2e:7f:79:a0:34,f4:2e:7f:79:a0:35,-53,-53,-53,-53,-53,34.54710644,outdoor,
f4:2e:7f:79:a0:30,f4:2e:7f:79:a0:32,f4:2e:7f:79:a0:33,f4:2e:7f:79:a0:34,f4:2e:7f:79:a0:35,-51,-51,-51,-51,-51,37.69718988,outdoor,
f4:2e:7f:79:a0:30,f4:2e:7f:79:a0:32,f4:2e:7f:79:a0:33,f4:2e:7f:79:a0:34,f4:2e:7f:79:a0:35,-51,-51,-51,-51,-51,37.78156179,outdoor,
f4:2e:7f:79:a0:26,f4:2e:7f:79:a0:32,f4:2e:7f:79:a0:33,f4:2e:7f:79:a0:34,f4:2e:7f:79:a0:35,-51,-51,-51,-51,-51,36.70756811,outdoor,
f4:2e:7f:79:a0:26,f4:2e:7f:79:9c:d2,f4:2e:7f:79:a0:25,f4:2e:7f:79:a0:24,f4:2e:7f:79:9c:d4,-64,-65,-65,-66,-67,37.89937721,outdoor,
f4:2e:7f:79:a0:32,f4:2e:7f:79:a0:33,f4:2e:7f:79:a0:34,f4:2e:7f:79:a0:36,f4:2e:7f:79:a0:30,-60,-60,-60,-60,-61,34.70924326,outdoor,
f4:2e:7f:79:a0:32,f4:2e:7f:79:a0:33,f4:2e:7f:79:a0:34,f4:2e:7f:79:a0:36,f4:2e:7f:79:a0:30,-60,-60,-60,-60,-61,35.55504542,outdoor,
f4:2e:7f:79:9c:d2,f4:2e:7f:79:a0:30,f4:2e:7f:79:a0:32,f4:2e:7f:79:a0:33,f4:2e:7f:79:a0:35,-59,-62,-62,-62,-62,37.03516923,outdoor,
f4:2e:7f:79:9c:d5,f4:2e:7f:79:9c:d3,f4:2e:7f:79:9c:d4,f4:2e:7f:79:9c:d6,f4:2e:7f:79:9c:c2,-58,-59,-59,-59,-59,37.92580519,outdoor,
f4:2e:7f:79:9c:d2,f4:2e:7f:79:9c:d3,f4:2e:7f:79:9c:d4,f4:2e:7f:79:9c:d5,f4:2e:7f:79:9c:d6,-51,-56,-56,-56,-56,37.42560492,outdoor,
f4:2e:7f:79:9c:d2,f4:2e:7f:79:9c:c2,f4:2e:7f:79:9c:c5,f4:2e:7f:79:9c:c6,f4:2e:7f:79:9c:c4,-44,-45,-45,-45,-46,46.74978066,outdoor,
f4:2e:7f:79:9c:d2,f4:2e:7f:79:a0:30,f4:2e:7f:79:9c:d3,f4:2e:7f:79:9c:d4,f4:2e:7f:79:9c:d5,-57,-59,-60,-60,-60,44.39316585,outdoor,
f4:2e:7f:79:9c:d2,f4:2e:7f:79:a0:30,f4:2e:7f:79:9c:d3,f4:2e:7f:79:9c:d4,f4:2e:7f:79:9c:d5,-57,-59,-60,-60,-60,44.55349499,outdoor,
f4:2e:7f:79:a0:32,f4:2e:7f:79:a0:33,f4:2e:7f:79:a0:34,f4:2e:7f:79:a0:35,f4:2e:7f:79:a0:36,-52,-52,-52,-52,-52,43.95003933,outdoor,
f4:2e:7f:79:a0:32,f4:2e:7f:79:a0:33,f4:2e:7f:79:a0:34,f4:2e:7f:79:a0:35,f4:2e:7f:79:a0:36,-52,-52,-52,-52,-52,44.49260933,outdoor,
f4:2e:7f:79:a0:30,f4:2e:7f:79:a0:32,f4:2e:7f:79:a0:33,f4:2e:7f:79:a0:34,f4:2e:7f:79:a0:35,-48,-48,-48,-48,-48,47.30895225,outdoor,
f4:2e:7f:79:a0:36,f4:2e:7f:79:a0:32,f4:2e:7f:79:a0:33,f4:2e:7f:79:a0:34,f4:2e:7f:79:a0:35,-50,-51,-51,-51,-51,48.57883362,outdoor,
f4:2e:7f:79:a0:30,f4:2e:7f:79:a0:32,f4:2e:7f:79:a0:33,f4:2e:7f:79:a0:34,f4:2e:7f:79:a0:35,-51,-51,-51,-51,-51,39.25264347,outdoor,
f4:2e:7f:79:a0:32,f4:2e:7f:79:a0:30,f4:2e:7f:79:a0:33,f4:2e:7f:79:a0:34,f4:2e:7f:79:a0:35,-46,-47,-47,-47,-47,35.82620675,outdoor,
f4:2e:7f:79:a0:32,f4:2e:7f:79:a0:30,f4:2e:7f:79:a0:33,f4:2e:7f:79:a0:34,f4:2e:7f:79:a0:35,-46,-47,-47,-47,-47,33.82900728,outdoor,
f4:2e:7f:79:9c:d2,f4:2e:7f:79:a0:30,f4:2e:7f:79:a0:32,f4:2e:7f:79:a0:33,f4:2e:7f:79:a0:34,-59,-60,-61,-61,-61,42.32129825,outdoor,
f4:2e:7f:79:a0:30,f4:2e:7f:79:a0:32,f4:2e:7f:79:a0:33,f4:2e:7f:79:a0:34,f4:2e:7f:79:a0:35,-50,-50,-50,-50,-50,51.8574801,outdoor,
f4:2e:7f:79:a0:30,f4:2e:7f:79:a0:32,f4:2e:7f:79:a0:33,f4:2e:7f:79:a0:34,f4:2e:7f:79:a0:35,-50,-50,-50,-50,-50,55.32436534,outdoor,
f4:2e:7f:79:9c:d2,f4:2e:7f:79:a0:30,f4:2e:7f:79:a0:32,f4:2e:7f:79:a0:33,f4:2e:7f:79:a0:34,-53,-53,-54,-54,-54,53.46366547,outdoor,
f4:2e:7f:79:9c:d2,f4:2e:7f:79:a0:30,f4:2e:7f:79:a0:32,f4:2e:7f:79:a0:33,f4:2e:7f:79:a0:34,-52,-52,-52,-53,-53,37.30323705,outdoor,
f4:2e:7f:79:9c:d2,f4:2e:7f:79:a0:30,f4:2e:7f:79:a0:32,f4:2e:7f:79:a0:33,f4:2e:7f:79:a0:34,-52,-52,-52,-53,-53,29.473796,outdoor,
f4:2e:7f:79:9c:d3,f4:2e:7f:79:9c:d4,f4:2e:7f:79:9c:d5,f4:2e:7f:79:9c:d6,f4:2e:7f:79:9c:d2,-56,-56,-56,-57,-58,52.02839472,outdoor,
f4:2e:7f:79:9c:d4,f4:2e:7f:79:9c:d5,f4:2e:7f:79:9c:d6,f4:2e:7f:79:a0:30,f4:2e:7f:79:9c:d3,-52,-52,-52,-52,-53,53.04689571,outdoor,
f4:2e:7f:79:a0:32,f4:2e:7f:79:a0:33,f4:2e:7f:79:a0:34,f4:2e:7f:79:a0:35,f4:2e:7f:79:a0:36,-53,-53,-53,-53,-53,35.65634244,outdoor,
f4:2e:7f:79:a0:32,f4:2e:7f:79:a0:33,f4:2e:7f:79:a0:34,f4:2e:7f:79:a0:35,f4:2e:7f:79:a0:36,-53,-53,-53,-53,-53,29.37230602,outdoor,
f4:2e:7f:79:a0:30,f4:2e:7f:79:a0:32,f4:2e:7f:79:a0:33,f4:2e:7f:79:a0:34,f4:2e:7f:79:a0:35,-53,-53,-53,-53,-53,35.19666947,outdoor,
f4:2e:7f:79:a0:30,f4:2e:7f:79:a0:32,f4:2e:7f:79:a0:33,f4:2e:7f:79:a0:34,f4:2e:7f:79:a0:35,-53,-53,-53,-53,-53,31.93890844,outdoor,
f4:2e:7f:79:9c:d2,f4:2e:7f:79:9c:d4,f4:2e:7f:79:9c:d5,f4:2e:7f:79:9c:d3,f4:2e:7f:79:9c:d6,-53,-56,-56,-57,-57,34.91801922,outdoor,
f4:2e:7f:79:9c:d2,f4:2e:7f:79:9c:d3,f4:2e:7f:79:9c:d4,f4:2e:7f:79:9c:d5,f4:2e:7f:79:9c:d6,-50,-50,-50,-51,-51,42.04765015,outdoor,
f4:2e:7f:79:9c:d2,f4:2e:7f:79:9c:d3,f4:2e:7f:79:9c:d4,f4:2e:7f:79:9c:d5,f4:2e:7f:79:9c:d6,-50,-50,-50,-51,-51,49.02006525,outdoor,
f4:2e:7f:79:9c:d4,f4:2e:7f:79:9c:d5,f4:2e:7f:79:9c:d2,f4:2e:7f:79:9c:d3,f4:2e:7f:79:9c:d6,-49,-49,-50,-50,-50,39.78126534,outdoor,
f4:2e:7f:79:9c:d4,f4:2e:7f:79:9c:d5,f4:2e:7f:79:9c:d2,f4:2e:7f:79:9c:d3,f4:2e:7f:79:9c:d6,-49,-49,-50,-50,-50,46.48534925,outdoor,
f4:2e:7f:79:a0:30,f4:2e:7f:79:a0:32,f4:2e:7f:79:a0:33,f4:2e:7f:79:a0:34,f4:2e:7f:79:a0:35,-52,-52,-52,-52,-52,48.22332184,outdoor,
f4:2e:7f:79:9c:d5,f4:2e:7f:79:9c:d6,f4:2e:7f:79:a0:26,f4:2e:7f:79:a0:22,f4:2e:7f:79:a0:23,-57,-57,-57,-57,-57,40.7142904,outdoor,
f4:2e:7f:79:a0:30,f4:2e:7f:79:a0:32,f4:2e:7f:79:a0:33,f4:2e:7f:79:a0:35,f4:2e:7f:79:a0:34,-47,-47,-47,-47,-48,36.55392528,outdoor,
f4:2e:7f:79:a0:30,f4:2e:7f:79:a0:32,f4:2e:7f:79:a0:33,f4:2e:7f:79:a0:34,f4:2e:7f:79:a0:35,-41,-41,-41,-41,-41,43.24683029,outdoor,
f4:2e:7f:79:a0:30,f4:2e:7f:79:a0:32,f4:2e:7f:79:a0:33,f4:2e:7f:79:a0:34,f4:2e:7f:79:a0:35,-41,-41,-41,-41,-41,38.49170308,outdoor,
f4:2e:7f:79:a0:30,f4:2e:7f:79:a0:32,f4:2e:7f:79:a0:33,f4:2e:7f:79:a0:34,f4:2e:7f:79:a0:35,-48,-48,-48,-48,-48,36.57008468,outdoor,
f4:2e:7f:79:a0:30,f4:2e:7f:79:a0:32,f4:2e:7f:79:a0:33,f4:2e:7f:79:a0:34,f4:2e:7f:79:a0:35,-48,-48,-48,-48,-48,21.67369146,outdoor,
f4:2e:7f:79:a0:30,f4:2e:7f:79:a0:32,f4:2e:7f:79:a0:33,f4:2e:7f:79:a0:34,f4:2e:7f:79:a0:35,-48,-48,-48,-48,-48,21.65597239,outdoor,
f4:2e:7f:79:a0:30,f4:2e:7f:79:a0:32,f4:2e:7f:79:a0:33,f4:2e:7f:79:a0:34,f4:2e:7f:79:a0:35,-52,-52,-52,-52,-52,21.68903866,outdoor,
f4:2e:7f:79:a0:30,f4:2e:7f:79:a0:32,f4:2e:7f:79:a0:33,f4:2e:7f:79:a0:34,f4:2e:7f:79:a0:35,-50,-51,-51,-51,-51,21.64500252,outdoor,
f4:2e:7f:79:9c:c5,f4:2e:7f:79:9c:d2,f4:2e:7f:79:9c:d3,f4:2e:7f:79:9c:d6,f4:2e:7f:79:9c:c2,-51,-52,-52,-52,-52,49.15380139,outdoor,
f4:2e:7f:79:9c:c5,f4:2e:7f:79:9c:d2,f4:2e:7f:79:9c:d3,f4:2e:7f:79:9c:d6,f4:2e:7f:79:9c:c2,-51,-52,-52,-52,-52,33.16778266,outdoor,
f4:2e:7f:79:a0:32,f4:2e:7f:79:a0:33,f4:2e:7f:79:a0:34,f4:2e:7f:79:a0:35,f4:2e:7f:79:a0:36,-53,-53,-53,-53,-53,37.70381138,outdoor,
f4:2e:7f:79:a0:32,f4:2e:7f:79:a0:33,f4:2e:7f:79:a0:34,f4:2e:7f:79:a0:35,f4:2e:7f:79:a0:36,-53,-53,-53,-53,-53,39.7193032,outdoor,
f4:2e:7f:79:a0:35,f4:2e:7f:79:a0:30,f4:2e:7f:79:a0:32,f4:2e:7f:79:a0:33,f4:2e:7f:79:a0:34,-54,-55,-55,-55,-55,40.36958622,outdoor,
f4:2e:7f:79:9c:d2,f4:2e:7f:79:a0:36,f4:2e:7f:79:a0:30,f4:2e:7f:79:a0:32,f4:2e:7f:79:a0:33,-52,-54,-55,-55,-55,35.11367735,outdoor,
f4:2e:7f:79:9c:d2,f4:2e:7f:79:a0:36,f4:2e:7f:79:a0:30,f4:2e:7f:79:a0:32,f4:2e:7f:79:a0:33,-52,-54,-55,-55,-55,36.51952603,outdoor,
f4:2e:7f:79:9c:d2,f4:2e:7f:79:a0:30,f4:2e:7f:79:a0:32,f4:2e:7f:79:a0:33,f4:2e:7f:79:a0:35,-45,-46,-46,-46,-46,37.33047783,outdoor,
f4:2e:7f:79:9c:d2,f4:2e:7f:79:a0:30,f4:2e:7f:79:a0:32,f4:2e:7f:79:a0:33,f4:2e:7f:79:a0:35,-45,-46,-46,-46,-46,31.58915953,outdoor,
f4:2e:7f:79:a0:25,f4:2e:7f:79:a0:26,f4:2e:7f:79:a0:22,f4:2e:7f:79:a0:23,f4:2e:7f:79:a0:24,-44,-45,-45,-45,-45,30.4566292,outdoor,
f4:2e:7f:79:a0:25,f4:2e:7f:79:a0:26,f4:2e:7f:79:a0:22,f4:2e:7f:79:a0:23,f4:2e:7f:79:a0:24,-44,-45,-45,-45,-45,39.21635482,outdoor,
f4:2e:7f:79:a0:34,f4:2e:7f:79:a0:35,f4:2e:7f:79:a0:36,f4:2e:7f:79:a0:30,f4:2e:7f:79:a0:32,-53,-53,-53,-54,-54,39.88508579,outdoor,
f4:2e:7f:79:a0:30,f4:2e:7f:79:a0:32,f4:2e:7f:79:a0:33,f4:2e:7f:79:a0:34,f4:2e:7f:79:a0:35,-51,-52,-52,-52,-52,34.64766505,outdoor,
f4:2e:7f:79:a0:30,f4:2e:7f:79:a0:32,f4:2e:7f:79:a0:33,f4:2e:7f:79:a0:34,f4:2e:7f:79:a0:35,-49,-49,-49,-49,-49,42.43624296,outdoor,
f4:2e:7f:79:9c:d3,f4:2e:7f:79:9c:d4,f4:2e:7f:79:9c:d5,f4:2e:7f:79:9c:d6,f4:2e:7f:79:a0:23,-51,-51,-51,-51,-52,27.41407586,outdoor,
f4:2e:7f:79:9c:d3,f4:2e:7f:79:9c:d4,f4:2e:7f:79:9c:d5,f4:2e:7f:79:9c:d6,f4:2e:7f:79:a0:23,-51,-51,-51,-51,-52,37.9698013,outdoor,
f4:2e:7f:79:9c:c3,f4:2e:7f:79:9c:c4,f4:2e:7f:79:9c:d2,90:f6:52:60:d8:be,,-55,-55,-62,-83,,36.84683114,outdoor,
f4:2e:7f:79:9c:c3,f4:2e:7f:79:9c:c4,f4:2e:7f:79:9c:d2,90:f6:52:60:d8:be,,-55,-55,-62,-83,,36.68442045,outdoor,
f4:2e:7f:79:a0:35,f4:2e:7f:79:a0:30,f4:2e:7f:79:a0:32,f4:2e:7f:79:a0:33,f4:2e:7f:79:a0:34,-45,-46,-46,-46,-46,37.62531146,outdoor,
f4:2e:7f:79:a0:36,f4:2e:7f:79:a0:30,f4:2e:7f:79:a0:32,f4:2e:7f:79:a0:33,f4:2e:7f:79:a0:34,-44,-45,-45,-45,-45,36.45557449,outdoor,
f4:2e:7f:79:a0:36,f4:2e:7f:79:a0:30,f4:2e:7f:79:a0:32,f4:2e:7f:79:a0:33,f4:2e:7f:79:a0:34,-44,-45,-45,-45,-45,36.34186904,outdoor,
f4:2e:7f:79:a0:32,f4:2e:7f:79:a0:33,f4:2e:7f:79:a0:35,f4:2e:7f:79:a0:30,f4:2e:7f:79:a0:36,-45,-45,-45,-46,-46,33.76548762,outdoor,
f4:2e:7f:79:a0:32,f4:2e:7f:79:a0:33,f4:2e:7f:79:a0:35,f4:2e:7f:79:a0:30,f4:2e:7f:79:a0:36,-45,-45,-45,-46,-46,29.74367937,outdoor,
f4:2e:7f:79:a0:26,f4:2e:7f:79:a0:23,f4:2e:7f:79:a0:25,f4:2e:7f:79:a0:24,f4:2e:7f:79:a0:34,-52,-52,-52,-52,-60,35.88196286,outdoor,
f4:2e:7f:79:a0:32,f4:2e:7f:79:a0:33,f4:2e:7f:79:a0:34,f4:2e:7f:79:a0:35,f4:2e:7f:79:a0:36,-56,-56,-56,-56,-56,39.3538308,outdoor,
f4:2e:7f:79:a0:32,f4:2e:7f:79:a0:33,f4:2e:7f:79:a0:34,f4:2e:7f:79:a0:35,f4:2e:7f:79:a0:36,-56,-56,-56,-56,-56,38.74550283,outdoor,
f4:2e:7f:79:9c:c5,f4:2e:7f:79:9c:c6,f4:2e:7f:79:9c:c2,f4:2e:7f:79:9c:c3,f4:2e:7f:79:9c:c4,-52,-52,-53,-54,-54,37.66330976,outdoor,
f4:2e:7f:79:9c:c2,f4:2e:7f:79:9c:c3,f4:2e:7f:79:9c:c4,f4:2e:7f:79:9c:c5,f4:2e:7f:79:a0:26,-57,-59,-59,-59,-60,38.95031547,outdoor,
f4:2e:7f:79:9c:c2,f4:2e:7f:79:9c:c3,f4:2e:7f:79:9c:c4,f4:2e:7f:79:9c:c5,f4:2e:7f:79:a0:26,-57,-59,-59,-59,-60,39.47633599,outdoor,
f4:2e:7f:79:9c:c2,f4:2e:7f:79:9c:c3,f4:2e:7f:79:9c:c4,f4:2e:7f:79:9c:c5,f4:2e:7f:79:9c:c6,-76,-76,-76,-76,-77,48.73480082,outdoor,
f4:2e:7f:79:a0:23,f4:2e:7f:79:a0:24,f4:2e:7f:79:a0:25,f4:2e:7f:79:a0:26,f4:2e:7f:79:9c:c5,-75,-75,-76,-77,-78,38.96070173,outdoor,
f4:2e:7f:79:9c:d2,f4:2e:7f:79:9c:c4,f4:2e:7f:79:9c:c5,f4:2e:7f:79:9c:c6,f4:2e:7f:79:9c:c3,-60,-67,-67,-67,-70,42.34008287,outdoor,
f4:2e:7f:79:9c:d2,f4:2e:7f:79:9c:c4,f4:2e:7f:79:9c:c5,f4:2e:7f:79:9c:c6,f4:2e:7f:79:9c:c3,-60,-67,-67,-67,-70,45.29720108,outdoor,
90:f6:52:60:d8:be,f4:2e:7f:79:9c:d2,f4:2e:7f:79:9c:d5,f4:2e:7f:79:9c:d6,f4:2e:7f:79:9c:d3,-81,-84,-84,-85,-86,44.20982132,outdoor,
90:f6:52:60:d8:be,f4:2e:7f:79:9c:d2,f4:2e:7f:79:9c:d5,f4:2e:7f:79:9c:d6,f4:2e:7f:79:9c:d3,-81,-84,-84,-85,-86,42.87804204,outdoor,
f4:2e:7f:79:a0:26,f4:2e:7f:79:a0:22,f4:2e:7f:79:a0:23,f4:2e:7f:79:a0:25,f4:2e:7f:79:a0:24,-81,-82,-82,-82,-82,45.56622659,outdoor,
f4:2e:7f:79:9c:d2,f4:2e:7f:79:a0:30,f4:2e:7f:79:a0:32,f4:2e:7f:79:a0:33,f4:2e:7f:79:a0:34,-85,-86,-86,-86,-86,37.33266703,outdoor,
f4:2e:7f:79:9c:d6,f4:2e:7f:79:9c:d5,f4:2e:7f:79:a0:33,f4:2e:7f:79:a0:34,f4:2e:7f:79:9c:d2,-85,-86,-86,-86,-87,29.30204434,outdoor,
f4:2e:7f:79:9c:d3,f4:2e:7f:79:9c:d4,f4:2e:7f:79:9c:d5,f4:2e:7f:79:9c:d6,f4:2e:7f:79:a0:22,-80,-80,-80,-80,-81,41.756869,outdoor,
f4:2e:7f:79:9c:d3,f4:2e:7f:79:9c:d4,f4:2e:7f:79:9c:d5,f4:2e:7f:79:9c:d6,f4:2e:7f:79:a0:22,-80,-80,-80,-80,-81,38.60587012,outdoor,
f4:2e:7f:79:9c:d3,f4:2e:7f:79:9c:d4,f4:2e:7f:79:9c:d5,f4:2e:7f:79:9c:d6,f4:2e:7f:79:9c:d2,-77,-77,-77,-77,-83,38.43500532,outdoor,
f4:2e:7f:79:9c:d2,f4:2e:7f:79:9c:d6,f4:2e:7f:79:9c:d3,f4:2e:7f:79:9c:d4,f4:2e:7f:79:9c:d5,-73,-80,-81,-81,-81,39.95392855,outdoor,
f4:2e:7f:79:9c:d2,f4:2e:7f:79:9c:d6,f4:2e:7f:79:9c:d3,f4:2e:7f:79:9c:d4,f4:2e:7f:79:9c:d5,-73,-80,-81,-81,-81,37.52080803,outdoor,
f4:2e:7f:79:9c:c6,f4:2e:7f:79:9c:c5,f4:2e:7f:79:9c:c3,f4:2e:7f:79:9c:c4,f4:2e:7f:79:a0:26,-78,-79,-80,-80,-81,42.23363218,outdoor,
f4:2e:7f:79:9c:c4,f4:2e:7f:79:9c:d2,f4:2e:7f:79:a0:23,90:f6:52:60:d8:be,f4:2e:7f:79:9c:d5,-80,-81,-81,-81,-82,37.9343192,outdoor,
f4:2e:7f:79:9c:c4,f4:2e:7f:79:9c:d2,f4:2e:7f:79:a0:23,90:f6:52:60:d8:be,f4:2e:7f:79:9c:d5,-80,-81,-81,-81,-82,39.03033832,outdoor,
f4:2e:7f:79:9c:d3,f4:2e:7f:79:9c:d4,f4:2e:7f:79:9c:d2,f4:2e:7f:79:9c:d5,f4:2e:7f:79:9c:d6,-71,-71,-72,-72,-72,39.99383345,outdoor,
f4:2e:7f:79:9c:c3,f4:2e:7f:79:9c:c2,f4:2e:7f:79:9c:c6,f4:2e:7f:79:9c:c4,f4:2e:7f:79:9c:c5,-66,-66,-67,-68,-68,38.713401,outdoor,
f4:2e:7f:79:9c:c3,f4:2e:7f:79:9c:c2,f4:2e:7f:79:9c:c6,f4:2e:7f:79:9c:c4,f4:2e:7f:79:9c:c5,-66,-66,-67,-68,-68,41.47817456,outdoor,
f4:2e:7f:79:9c:c5,f4:2e:7f:79:9c:c3,f4:2e:7f:79:9c:c4,f4:2e:7f:79:9c:c2,f4:2e:7f:79:9c:c6,-63,-64,-64,-64,-65,41.13116316,outdoor,
f4:2e:7f:79:9c:d2,f4:2e:7f:79:9c:c2,f4:2e:7f:79:9c:c3,f4:2e:7f:79:9c:d3,f4:2e:7f:79:9c:d4,-65,-65,-66,-71,-71,41.49980881,outdoor,
f4:2e:7f:79:9c:d2,f4:2e:7f:79:9c:c2,f4:2e:7f:79:9c:c3,f4:2e:7f:79:9c:d3,f4:2e:7f:79:9c:d4,-65,-65,-66,-71,-71,41.94547474,outdoor,
f4:2e:7f:79:9c:d2,f4:2e:7f:79:9c:d3,f4:2e:7f:79:9c:d4,f4:2e:7f:79:9c:d5,f4:2e:7f:79:9c:d6,-70,-72,-73,-73,-73,41.44126173,outdoor,
f4:2e:7f:79:9c:d2,f4:2e:7f:79:9c:c3,f4:2e:7f:79:9c:c4,f4:2e:7f:79:a0:25,f4:2e:7f:79:a0:26,-69,-70,-70,-72,-73,41.9741073,outdoor,
f4:2e:7f:79:9c:d2,f4:2e:7f:79:9c:c3,f4:2e:7f:79:9c:c4,f4:2e:7f:79:a0:25,f4:2e:7f:79:a0:26,-69,-70,-70,-72,-73,41.90132393,outdoor,
f4:2e:7f:79:9c:d3,f4:2e:7f:79:9c:d4,f4:2e:7f:79:9c:d5,f4:2e:7f:79:9c:d6,f4:2e:7f:79:9c:d2,-65,-66,-66,-66,-67,41.93265475,outdoor,
f4:2e:7f:79:9c:d3,f4:2e:7f:79:9c:d4,f4:2e:7f:79:9c:c6,f4:2e:7f:79:9c:d5,f4:2e:7f:79:9c:d6,-71,-71,-71,-72,-72,42.46836196,outdoor,
f4:2e:7f:79:9c:c3,f4:2e:7f:79:9c:c4,f4:2e:7f:79:9c:c6,f4:2e:7f:79:9c:c2,f4:2e:7f:79:9c:c5,-64,-64,-64,-65,-69,42.3143348,outdoor,
f4:2e:7f:79:9c:d2,f4:2e:7f:79:9c:c3,f4:2e:7f:79:9c:c4,f4:2e:7f:79:9c:c2,f4:2e:7f:79:9c:c6,-67,-69,-69,-69,-72,42.57040068,outdoor,
f4:2e:7f:79:9c:d2,f4:2e:7f:79:9c:c3,f4:2e:7f:79:9c:c4,f4:2e:7f:79:9c:c2,f4:2e:7f:79:9c:c6,-67,-69,-69,-69,-72,43.01487439,outdoor,
f4:2e:7f:79:a4:65,f4:2e:7f:79:9c:c6,f4:2e:7f:79:a4:64,f4:2e:7f:79:9c:d4,f4:2e:7f:79:9c:d5,-69,-70,-70,-71,-71,44.10268281,outdoor,
f4:2e:7f:79:a4:65,f4:2e:7f:79:9c:c6,f4:2e:7f:79:a4:64,f4:2e:7f:79:9c:d4,f4:2e:7f:79:9c:d5,-69,-70,-70,-71,-71,44.00717937,outdoor,
f4:2e:7f:79:a4:65,f4:2e:7f:79:9c:c6,f4:2e:7f:79:a4:64,f4:2e:7f:79:9c:d4,f4:2e:7f:79:9c:d5,-69,-70,-70,-71,-71,40.72365575,outdoor,
f4:2e:7f:79:a4:65,f4:2e:7f:79:9c:c6,f4:2e:7f:79:a4:64,f4:2e:7f:79:9c:d4,f4:2e:7f:79:9c:d5,-69,-70,-70,-71,-71,38.98790377,outdoor,
f4:2e:7f:79:a4:65,f4:2e:7f:79:9c:c6,f4:2e:7f:79:a4:64,f4:2e:7f:79:9c:d4,f4:2e:7f:79:9c:d5,-69,-70,-70,-71,-71,40.6669555,outdoor,
f4:2e:7f:79:a4:62,f4:2e:7f:79:a4:74,f4:2e:7f:79:a4:75,f4:2e:7f:79:a4:63,f4:2e:7f:79:a4:64,-72,-75,-75,-76,-76,43.75445429,outdoor,
f4:2e:7f:79:a4:62,f4:2e:7f:79:a4:74,f4:2e:7f:79:a4:75,f4:2e:7f:79:a4:63,f4:2e:7f:79:a4:64,-72,-75,-75,-76,-76,45.27678819,outdoor,
f4:2e:7f:79:a4:62,f4:2e:7f:79:a4:74,f4:2e:7f:79:a4:75,f4:2e:7f:79:a4:63,f4:2e:7f:79:a4:64,-72,-75,-75,-76,-76,41.73529488,outdoor,
f4:2e:7f:79:a4:62,f4:2e:7f:79:a4:74,f4:2e:7f:79:a4:75,f4:2e:7f:79:a4:63,f4:2e:7f:79:a4:64,-72,-75,-75,-76,-76,41.11785771,outdoor,
f4:2e:7f:79:a4:62,f4:2e:7f:79:a4:74,f4:2e:7f:79:a4:75,f4:2e:7f:79:a4:63,f4:2e:7f:79:a4:64,-72,-75,-75,-76,-76,44.33194572,outdoor,
f4:2e:7f:79:a4:62,f4:2e:7f:79:a4:74,f4:2e:7f:79:a4:75,f4:2e:7f:79:a4:63,f4:2e:7f:79:a4:64,-72,-75,-75,-76,-76,44.37329167,outdoor,
f4:2e:7f:79:a4:73,f4:2e:7f:79:a4:74,f4:2e:7f:79:a4:75,f4:2e:7f:79:a4:76,f4:2e:7f:79:a4:72,-75,-75,-75,-76,-76,40.61454793,outdoor,
f4:2e:7f:79:a4:73,f4:2e:7f:79:a4:74,f4:2e:7f:79:a4:75,f4:2e:7f:79:a4:76,f4:2e:7f:79:a4:72,-75,-75,-75,-76,-76,36.56369523,outdoor,
00:be:3b:43:b6:b2,f4:2e:7f:79:a4:73,f4:2e:7f:79:a4:74,f4:2e:7f:79:a4:76,f4:2e:7f:79:a4:72,-75,-77,-77,-78,-78,38.09191059,outdoor,
,,,,,,,,,,39.93595336,outdoor,
,,,,,,,,,,38.48313475,outdoor,
