WIFI_0_BSSID,WIFI_1_BSSID,WIFI_2_BSSID,WIFI_3_BSSID,WIFI_4_BSSID,WIFI_0_LEVEL,WIFI_1_LEVEL,WIFI_2_LEVEL,WIFI_3_LEVEL,WIFI_4_LEVEL,MAGNETIC_FIELD_uT
46,47,45,48,51,-57,-57,-58,-58,-61,41.77613095
44,9,10,12,8,-57,-80,-80,-80,-81,39.44861979
44,41,39,45,46,-52,-60,-60,-60,-60,47.17827414
44,45,46,47,48,-49,-51,-51,-51,-51,48.16018904
45,46,47,48,44,-52,-52,-55,-55,-56,45.97116379
44,39,40,41,42,-39,-51,-51,-52,-52,37.77245103
44,39,40,41,42,-39,-51,-51,-52,-52,42.97576789
44,47,48,45,46,-56,-60,-60,-61,-61,39.88971001
44,47,48,45,46,-56,-60,-60,-61,-61,36.53621351
39,40,38,42,41,-48,-48,-49,-50,-51,36.79844244
44,45,46,47,48,-50,-50,-50,-50,-50,37.47810884
44,45,46,47,48,-50,-50,-50,-50,-50,39.45448327
44,45,43,46,47,-57,-61,-61,-62,-62,39.97888389
45,46,47,44,48,-58,-58,-58,-59,-59,36.56324285
45,46,47,44,48,-58,-58,-58,-59,-59,36.74003871
47,48,45,46,44,-47,-47,-48,-48,-50,38.69093596
45,46,47,48,44,-54,-54,-54,-54,-56,50.69743805
48,44,45,46,47,-59,-60,-60,-60,-60,41.44400107
48,44,45,46,47,-59,-60,-60,-60,-60,39.7116253
44,48,47,45,46,-49,-52,-53,-55,-55,56.33121307
44,45,46,47,48,-48,-50,-50,-50,-50,51.23888265
44,45,46,47,48,-48,-50,-50,-50,-50,48.75349296
45,47,48,44,46,-46,-46,-46,-47,-47,29.73469111
45,47,48,44,46,-46,-46,-46,-47,-47,41.00108969
45,46,47,48,44,-54,-54,-54,-54,-55,36.72538836
44,45,46,42,47,-55,-58,-58,-59,-59,37.91494065
44,45,46,42,47,-55,-58,-58,-59,-59,38.43642338
45,46,47,48,44,-48,-48,-48,-48,-52,35.25769392
45,46,47,48,44,-53,-53,-53,-53,-54,36.8890896
45,46,47,48,44,-53,-53,-53,-53,-54,35.84998345
45,46,47,48,44,-53,-53,-53,-53,-56,39.34330787
45,48,46,44,41,-50,-50,-51,-59,-65,40.89902922
45,48,46,44,41,-50,-50,-51,-59,-65,36.20910274
44,45,46,47,48,-52,-56,-56,-56,-56,38.46665402
44,45,46,47,48,-52,-56,-56,-56,-56,39.82954404
44,45,47,46,48,-52,-54,-54,-55,-55,36.58943653
40,45,46,47,48,-51,-51,-51,-51,-51,33.06643186
40,45,46,47,48,-51,-51,-51,-51,-51,32.8854509
46,47,48,44,45,-55,-55,-55,-56,-56,34.47254626
46,47,48,44,45,-55,-55,-55,-56,-56,36.48428634
44,47,45,46,48,-54,-56,-57,-57,-57,36.55047545
45,46,47,44,48,-50,-50,-50,-51,-51,36.4242227
45,46,47,44,48,-50,-50,-50,-51,-51,36.4605349
44,45,46,48,47,-53,-53,-53,-53,-54,35.18848349
45,46,47,48,44,-47,-47,-47,-47,-58,39.45200803
45,46,48,47,43,-39,-39,-39,-40,-40,43.93564824
45,46,48,47,43,-39,-39,-39,-40,-40,44.44844824
44,45,46,47,48,-51,-52,-52,-52,-52,41.23351203
47,48,44,11,12,-44,-44,-45,-79,-79,35.15461281
47,48,44,11,12,-44,-44,-45,-79,-79,37.76925148
45,46,47,48,44,-55,-55,-55,-55,-59,38.55448724
45,46,47,48,44,-55,-55,-55,-55,-59,36.31103261
44,45,46,47,48,-57,-59,-60,-60,-60,36.7532999
44,45,46,47,48,-57,-59,-60,-60,-60,36.76074062
44,58,55,56,57,-56,-69,-69,-69,-69,36.80367506
44,45,46,47,48,-56,-56,-56,-56,-57,36.76318455
44,45,46,47,48,-56,-56,-56,-56,-57,37.22006354
44,47,45,46,48,-55,-58,-59,-59,-59,43.2947435
44,45,46,47,48,-63,-64,-64,-64,-64,43.16307196
44,45,46,47,48,-63,-64,-64,-64,-64,43.32512865
44,45,46,47,48,-61,-61,-61,-61,-61,42.28955827
44,45,46,47,48,-61,-61,-61,-61,-61,39.02443771
44,45,46,47,48,-56,-58,-58,-58,-58,47.14448319
44,45,46,47,48,-54,-58,-58,-58,-58,36.60290569
44,45,46,47,48,-54,-58,-58,-58,-58,43.00224831
44,54,55,57,13,-56,-77,-77,-78,-83,39.35806928
44,54,55,57,13,-56,-77,-77,-78,-83,35.75838175
44,42,40,39,41,-52,-58,-61,-63,-64,38.04127108
44,45,46,47,48,-56,-56,-56,-56,-56,40.54951972
44,45,46,47,48,-56,-56,-56,-56,-56,43.38613335
45,46,47,48,44,-53,-53,-53,-53,-54,39.9223199
45,46,47,48,44,-53,-53,-53,-53,-54,37.77835332
47,48,45,46,44,-54,-54,-55,-55,-58,39.38997421
47,48,45,46,44,-54,-54,-55,-55,-58,38.06982432
47,48,45,46,44,-54,-54,-55,-55,-58,34.66540329
47,48,45,46,44,-54,-54,-55,-55,-58,33.80058962
47,48,45,46,44,-54,-54,-55,-55,-58,37.68421388
47,48,45,46,44,-54,-54,-55,-55,-58,46.01831751
47,48,45,46,44,-54,-54,-55,-55,-58,48.1995263
47,48,45,46,44,-54,-54,-55,-55,-58,51.92431767
47,48,45,46,44,-54,-54,-55,-55,-58,47.65758195
47,48,45,46,44,-54,-54,-55,-55,-58,32.33509848
47,48,45,46,44,-54,-54,-55,-55,-58,36.95973117
47,48,45,46,44,-54,-54,-55,-55,-58,32.69848682
45,46,47,48,44,-54,-54,-54,-55,-59,33.48693775
45,46,47,48,44,-54,-54,-54,-55,-59,35.09482655
44,48,45,46,47,-54,-58,-59,-59,-59,35.9945505
44,48,45,46,47,-54,-58,-59,-59,-59,33.08295533
44,58,55,56,57,-53,-68,-68,-68,-68,38.80484243
44,45,46,47,48,-54,-60,-60,-60,-60,36.91438244
46,47,48,45,44,-53,-53,-53,-54,-55,39.33296367
46,47,48,45,44,-53,-53,-53,-54,-55,39.57395328
44,45,46,47,48,-60,-63,-63,-63,-63,40.41529711
47,46,44,50,49,-60,-61,-63,-64,-64,40.29923777
47,46,44,50,49,-60,-61,-63,-64,-64,40.19723407
44,52,49,51,53,-52,-61,-62,-63,-63,36.73933765
39,38,44,40,45,-55,-55,-56,-56,-62,39.3972175
39,38,44,40,45,-55,-55,-56,-56,-62,36.67783625
44,45,46,47,48,-51,-54,-54,-54,-54,35.9739014
44,45,46,47,48,-51,-54,-54,-54,-54,37.60008129
48,45,46,47,44,-51,-52,-52,-52,-54,35.10302047
48,45,46,47,44,-51,-52,-52,-52,-54,33.12993404
45,46,47,48,41,-51,-51,-51,-51,-52,34.10710955
45,46,47,48,44,-58,-58,-58,-58,-61,34.24416329
45,46,47,48,44,-58,-58,-58,-58,-61,34.01618483
44,45,46,47,48,-50,-52,-52,-52,-52,36.23511278
44,45,46,47,48,-50,-51,-51,-51,-51,31.16370703
44,45,46,47,48,-47,-52,-52,-52,-52,30.52720055
44,45,46,47,48,-47,-52,-52,-52,-52,28.29620418
44,45,46,47,48,-54,-57,-57,-57,-57,31.56757675
44,46,47,48,45,-50,-56,-56,-56,-57,44.51914858
45,46,47,48,44,-46,-46,-46,-46,-55,51.84809167
45,47,48,44,46,-42,-42,-42,-44,-44,32.24143691
45,47,48,44,46,-42,-42,-42,-44,-44,39.97903503
44,55,56,57,58,-45,-70,-70,-70,-71,33.83044882
44,47,48,45,46,-46,-47,-47,-48,-48,37.71333038
44,47,48,45,46,-46,-47,-47,-48,-48,29.9734746
44,45,46,47,48,-53,-53,-53,-53,-53,33.14651608
44,46,47,48,45,-43,-55,-55,-55,-56,41.7800039
44,45,46,47,48,-40,-46,-46,-46,-46,27.96036995
44,45,46,47,48,-40,-46,-46,-46,-46,35.20527138
45,46,47,48,44,-53,-53,-53,-53,-56,44.64976554
45,46,47,48,44,-53,-53,-53,-53,-56,41.46802879
43,45,46,47,48,-63,-64,-64,-64,-64,42.16976045
38,45,46,47,48,-63,-64,-64,-64,-64,42.39004907
38,45,46,47,48,-63,-64,-64,-64,-64,42.69703436
39,38,44,46,47,-67,-67,-72,-77,-77,44.13204563
44,46,47,48,45,-52,-54,-54,-54,-55,48.93436941
44,46,47,48,45,-52,-54,-54,-54,-55,42.02343242
45,47,48,46,44,-44,-44,-44,-45,-46,43.49118198
45,46,47,48,44,-54,-54,-54,-54,-62,45.13264008
44,45,46,47,48,-54,-54,-54,-54,-54,45.84009923
44,48,45,46,47,-47,-52,-53,-53,-53,42.13412132
44,48,45,46,47,-47,-52,-53,-53,-53,40.75689527
45,46,47,48,43,-51,-51,-51,-51,-51,40.89691452
45,46,47,48,43,-51,-51,-51,-51,-51,38.95880612
45,46,47,48,44,-38,-38,-38,-39,-49,38.23091238
45,46,47,48,44,-53,-53,-53,-53,-57,33.94430288
45,46,47,48,44,-53,-53,-53,-53,-57,37.4599265
44,45,47,46,48,-54,-54,-55,-56,-56,37.35899271
44,13,15,16,14,-52,-84,-84,-85,-86,33.86038985
44,13,15,16,14,-52,-84,-84,-85,-86,39.65782601
45,47,44,48,46,-57,-57,-58,-58,-59,39.6048475
45,46,47,48,43,-56,-56,-56,-56,-56,34.66662167
45,46,47,48,43,-56,-56,-56,-56,-56,35.05953015
46,48,45,47,44,-54,-54,-55,-55,-59,36.62662479
45,46,47,48,44,-50,-50,-50,-50,-58,40.2871847
45,46,47,48,44,-50,-50,-50,-50,-58,40.56149032
45,47,48,46,44,-55,-55,-55,-56,-59,40.52691886
45,47,48,46,44,-55,-55,-55,-56,-59,35.21401331
45,46,47,48,44,-49,-49,-49,-49,-50,36.54715223
45,46,47,48,44,-49,-49,-49,-49,-50,38.50213379
48,46,47,43,44,-58,-59,-59,-59,-60,38.7076334
44,45,46,47,48,-52,-57,-57,-57,-57,37.2549939
44,45,46,47,48,-52,-57,-57,-57,-57,37.44204017
44,39,40,45,46,-53,-53,-53,-54,-54,37.6464523
44,39,40,45,46,-53,-53,-53,-54,-54,37.65612357
45,46,48,47,44,-51,-51,-51,-52,-54,37.61479013
45,46,48,47,44,-51,-51,-51,-52,-54,37.82732793
38,41,39,40,42,-47,-47,-48,-48,-48,37.68697852
38,41,39,40,42,-47,-47,-48,-48,-48,37.40490547
44,40,39,45,46,-46,-51,-52,-52,-52,36.06807122
44,45,47,48,46,-51,-53,-53,-53,-54,34.78078321
44,45,47,48,46,-51,-53,-53,-53,-54,40.30152921
45,46,47,48,43,-51,-51,-51,-51,-51,36.47128379
45,46,47,48,43,-51,-51,-51,-51,-51,37.06795386
45,46,47,48,43,-51,-51,-51,-51,-51,36.96105557
45,46,47,48,43,-51,-51,-51,-51,-51,37.22184437
45,46,47,48,43,-51,-51,-51,-51,-51,36.45241172
45,46,47,48,43,-51,-51,-51,-51,-51,38.06034958
44,45,46,48,47,-48,-53,-53,-53,-54,34.98557878
44,45,46,48,47,-48,-53,-53,-53,-54,37.42609253
45,46,43,47,48,-50,-50,-50,-51,-51,34.7661745
45,46,43,47,48,-50,-50,-50,-51,-51,41.01918883
45,46,47,48,44,-53,-53,-53,-53,-57,41.30356519
44,45,46,47,48,-53,-53,-53,-53,-54,41.10656288
44,45,46,47,48,-53,-53,-53,-53,-54,42.11341006
44,45,46,47,48,-53,-54,-54,-54,-54,41.92469795
45,46,47,48,44,-56,-56,-56,-57,-59,44.65080443
45,46,47,48,44,-56,-56,-56,-57,-59,46.88323886
44,45,46,47,48,-49,-53,-54,-54,-54,50.24122961
44,45,46,47,48,-49,-53,-54,-54,-54,48.22828557
44,46,45,47,48,-50,-55,-56,-56,-56,43.95887499
48,44,46,47,39,-53,-54,-54,-54,-63,39.67900992
48,44,46,47,39,-53,-54,-54,-54,-63,34.67675087
45,46,47,48,44,-47,-47,-47,-47,-52,37.86513479
44,45,46,47,48,-46,-49,-49,-49,-49,38.44461475
38,39,40,41,42,-51,-52,-52,-52,-52,29.29232673
46,47,45,48,40,-49,-49,-50,-50,-57,23.53999983
46,47,45,48,40,-49,-49,-50,-50,-57,22.63623847
40,41,39,38,44,-62,-62,-64,-64,-65,22.58889841
40,41,39,38,44,-62,-62,-64,-64,-65,22.73448239
41,42,39,47,38,-63,-63,-64,-64,-64,22.61797886
41,42,39,47,38,-63,-63,-64,-64,-64,22.57325653
39,38,44,47,48,-65,-65,-70,-70,-70,22.885769
44,47,48,45,46,-56,-57,-57,-58,-58,36.21320701
44,47,48,45,46,-56,-57,-57,-58,-58,36.56528268
44,39,38,42,40,-49,-51,-51,-52,-53,40.18468108
44,39,38,42,40,-49,-51,-51,-52,-53,33.48324303
45,46,47,48,43,-53,-53,-53,-53,-54,38.61239586
44,45,46,47,48,-47,-52,-52,-52,-52,48.46317364
44,45,46,47,48,-47,-52,-52,-52,-52,52.93338606
45,46,47,48,44,-51,-51,-51,-51,-56,54.64437809
45,46,47,48,44,-51,-51,-51,-51,-56,44.71828867
44,47,48,45,46,-52,-55,-55,-56,-56,24.02093356
44,39,40,41,42,-43,-44,-44,-44,-44,39.18224459
42,39,38,41,40,-47,-48,-48,-48,-49,33.12204623
42,39,38,41,40,-47,-48,-48,-48,-49,44.24423404
44,45,46,47,48,-52,-52,-52,-52,-52,41.52219468
44,40,41,42,39,-53,-53,-53,-53,-54,36.52822746
45,46,47,48,43,-49,-49,-49,-49,-49,36.72716659
44,49,52,51,50,-49,-66,-66,-66,-66,36.64440945
44,49,52,51,50,-49,-66,-66,-66,-66,36.66652536
44,48,45,46,47,-49,-49,-50,-50,-50,36.70373363
44,48,45,46,47,-49,-49,-50,-50,-50,36.68983735
44,45,46,47,48,-49,-49,-49,-49,-49,36.72518394
44,45,46,47,48,-49,-49,-49,-49,-49,36.96365633
44,45,46,47,48,-49,-49,-49,-49,-49,37.06804936
46,47,48,45,44,-54,-54,-54,-55,-58,37.10042162
44,45,46,47,48,-55,-57,-57,-57,-57,37.02961824
44,45,46,47,48,-55,-57,-57,-57,-57,35.97271373
45,46,47,48,44,-50,-50,-50,-50,-54,33.81606309
45,46,47,48,44,-50,-50,-50,-50,-54,38.05427771
45,46,47,48,39,-54,-54,-54,-54,-57,41.0902268
45,46,47,48,44,-51,-51,-51,-52,-57,46.29898694
45,46,47,48,44,-51,-51,-51,-52,-57,46.92133387
44,45,46,47,48,-45,-49,-49,-49,-49,45.51698741
44,45,46,47,48,-45,-51,-51,-51,-51,34.47439465
44,45,46,47,48,-45,-51,-51,-51,-51,38.24749628
39,38,42,40,41,-46,-46,-46,-47,-47,42.57869552
45,46,47,48,44,-55,-55,-55,-55,-60,42.85618922
45,46,47,48,44,-55,-55,-55,-55,-60,34.73957592
45,46,47,48,43,-35,-35,-35,-35,-35,37.80743445
44,45,46,47,48,-46,-50,-50,-50,-50,33.60575185
44,45,46,47,48,-46,-50,-50,-50,-50,35.71218601
45,46,47,48,39,-52,-53,-53,-53,-56,36.91250575
45,46,47,48,39,-52,-53,-53,-53,-56,36.56040325
44,39,45,46,47,-53,-59,-59,-59,-59,35.16907752
44,39,45,46,47,-53,-59,-59,-59,-59,37.5733235
39,38,40,41,44,-56,-56,-56,-57,-58,35.0349644
44,43,54,55,56,-48,-54,-65,-65,-65,37.8107712
44,43,54,55,56,-48,-54,-65,-65,-65,42.44715234
45,46,47,48,44,-54,-54,-54,-54,-57,39.43039568
45,46,47,48,44,-54,-54,-54,-54,-57,39.23692775
44,45,46,47,48,-49,-52,-52,-52,-52,38.76364112
44,45,46,47,48,-49,-52,-52,-52,-52,43.85633701
38,40,39,41,42,-67,-68,-69,-69,-69,36.68713067
38,40,39,41,42,-67,-68,-69,-69,-69,39.26105786
46,47,48,45,44,-52,-52,-52,-53,-54,46.19869409
44,48,45,46,47,-47,-49,-50,-50,-50,48.99445421
44,46,47,48,45,-51,-55,-55,-55,-56,45.46347961
44,46,47,48,45,-51,-55,-55,-55,-56,33.43544094
44,46,47,48,45,-51,-55,-55,-55,-56,38.10556305
44,46,47,48,45,-51,-55,-55,-55,-56,34.70583166
44,46,47,48,45,-51,-55,-55,-55,-56,36.7362774
44,46,47,48,45,-51,-55,-55,-55,-56,37.33810594
44,46,47,48,45,-51,-55,-55,-55,-56,37.25380283
45,46,47,48,44,-53,-53,-53,-53,-55,36.68102118
46,47,48,45,52,-51,-51,-51,-52,-55,36.6878843
46,47,48,45,52,-51,-51,-51,-52,-55,35.93382454
45,46,47,48,44,-49,-49,-49,-50,-51,34.99406688
45,46,47,48,44,-51,-51,-51,-51,-62,45.82060222
45,46,47,48,44,-51,-51,-51,-51,-62,46.12925804
39,45,46,47,48,-62,-62,-62,-62,-62,46.27167197
39,45,46,47,48,-62,-62,-62,-62,-62,46.1358309
40,41,42,44,45,-57,-60,-61,-66,-66,45.47597129
48,45,46,47,44,-60,-61,-61,-61,-70,41.12346537
34,35,36,37,33,-51,-51,-51,-51,-52,36.52717645
2,6,1,3,40,-75,-83,-83,-87,-89,35.76991496
2,6,1,3,40,-75,-83,-83,-87,-89,34.20089431
2,6,1,3,40,-75,-83,-83,-87,-89,39.11562793
2,6,1,3,40,-75,-83,-83,-87,-89,37.1505331
2,6,1,3,40,-75,-83,-83,-87,-89,38.48643354
2,6,1,3,40,-75,-83,-83,-87,-89,39.98304236
2,6,1,3,40,-75,-83,-83,-87,-89,42.34572182
2,6,1,3,40,-75,-83,-83,-87,-89,43.60645116
2,6,1,3,40,-75,-83,-83,-87,-89,38.47615879
2,6,1,3,40,-75,-83,-83,-87,-89,37.28406907
2,6,1,3,40,-75,-83,-83,-87,-89,36.94811343
2,6,1,3,40,-75,-83,-83,-87,-89,39.78019901
2,6,1,3,40,-75,-83,-83,-87,-89,39.6880398
2,6,1,3,40,-75,-83,-83,-87,-89,40.59504605
2,6,1,3,40,-75,-83,-83,-87,-89,42.55370573
19,24,27,25,26,-82,-82,-82,-82,-83,43.26179335
19,24,27,25,26,-82,-82,-82,-82,-83,44.65456747
20,21,22,23,19,-80,-80,-80,-80,-81,43.08195174
24,26,27,28,25,-67,-67,-67,-67,-67,44.77731632
24,26,27,28,25,-67,-67,-67,-67,-67,41.33566064
32,19,20,21,22,-80,-81,-81,-81,-82,39.53855849
32,19,20,21,22,-80,-81,-81,-81,-82,42.47334585
32,19,20,21,22,-80,-81,-81,-81,-82,45.71834682
32,19,20,21,22,-80,-81,-81,-81,-82,44.12130246
32,19,20,21,22,-80,-81,-81,-81,-82,42.90450453
32,19,20,21,22,-80,-81,-81,-81,-82,44.34902546
32,19,20,21,22,-80,-81,-81,-81,-82,45.70862146
32,19,20,21,22,-80,-81,-81,-81,-82,44.04478256
32,19,20,21,22,-80,-81,-81,-81,-82,41.40310277
32,19,20,21,22,-80,-81,-81,-81,-82,43.18458011
32,19,20,21,22,-80,-81,-81,-81,-82,48.63550507
32,19,20,21,22,-80,-81,-81,-81,-82,50.16929348
32,19,20,21,22,-80,-81,-81,-81,-82,50.57219468
32,19,20,21,22,-80,-81,-81,-81,-82,49.06540348
32,19,20,21,22,-80,-81,-81,-81,-82,46.05080892
32,19,20,21,22,-80,-81,-81,-81,-82,49.63353004
32,19,20,21,22,-80,-81,-81,-81,-82,49.93704044
32,19,20,21,22,-80,-81,-81,-81,-82,45.63646314
32,19,20,21,22,-80,-81,-81,-81,-82,42.04420833
32,19,20,21,22,-80,-81,-81,-81,-82,40.06519345
32,19,20,21,22,-80,-81,-81,-81,-82,42.9054548
32,19,20,21,22,-80,-81,-81,-81,-82,43.62099003
32,19,20,21,22,-80,-81,-81,-81,-82,44.18131421
32,19,20,21,22,-80,-81,-81,-81,-82,42.71839852
32,19,20,21,22,-80,-81,-81,-81,-82,40.71772621
32,19,20,21,22,-80,-81,-81,-81,-82,39.56457495
32,19,20,21,22,-80,-81,-81,-81,-82,35.97212496
32,19,20,21,22,-80,-81,-81,-81,-82,37.24178352
32,19,20,21,22,-80,-81,-81,-81,-82,37.94012392
32,19,20,21,22,-80,-81,-81,-81,-82,39.15759051
32,19,20,21,22,-80,-81,-81,-81,-82,36.94548679
32,19,20,21,22,-80,-81,-81,-81,-82,37.53857391
32,19,20,21,22,-80,-81,-81,-81,-82,38.11799532
32,19,20,21,22,-80,-81,-81,-81,-82,40.41863149
32,19,20,21,22,-80,-81,-81,-81,-82,41.28862124
32,19,20,21,22,-80,-81,-81,-81,-82,43.36061794
8,9,10,11,12,-69,-69,-70,-70,-71,43.05245682
8,9,10,11,12,-69,-69,-70,-70,-71,42.5010699
8,10,11,9,12,-61,-61,-61,-61,-62,41.20742061
8,10,11,9,12,-61,-61,-61,-61,-62,40.43724039
12,8,10,11,9,-73,-77,-77,-77,-77,46.41216292
12,8,10,11,9,-73,-77,-77,-77,-77,44.76788007
12,8,10,11,9,-73,-77,-77,-77,-77,44.76788007
2,10,11,12,8,-69,-72,-72,-72,-74,46.44279127
2,10,11,12,8,-69,-72,-72,-72,-74,44.53086349
2,10,11,12,8,-69,-72,-72,-72,-74,47.39521491
2,10,11,12,8,-69,-72,-72,-72,-74,47.79034413
2,10,11,12,8,-69,-72,-72,-72,-74,46.93666257
2,10,11,12,8,-69,-72,-72,-72,-74,48.20778695
2,10,11,12,8,-69,-72,-72,-72,-74,46.80422
2,10,11,12,8,-69,-72,-72,-72,-74,47.74514762
2,10,11,12,8,-69,-72,-72,-72,-74,38.45625495
2,10,11,12,8,-69,-72,-72,-72,-74,37.89198451
2,10,11,12,8,-69,-72,-72,-72,-74,38.75512189
2,10,11,12,8,-69,-72,-72,-72,-74,38.07225796
2,10,11,12,8,-69,-72,-72,-72,-74,40.16486714
2,10,11,12,8,-69,-72,-72,-72,-74,43.8614902
2,10,11,12,8,-69,-72,-72,-72,-74,45.07314206
2,10,11,12,8,-69,-72,-72,-72,-74,45.52015189
2,10,11,12,8,-69,-72,-72,-72,-74,42.97826315
2,10,11,12,8,-69,-72,-72,-72,-74,42.85478779
2,10,11,12,8,-69,-72,-72,-72,-74,45.76784947
2,10,11,12,8,-69,-72,-72,-72,-74,46.72074097
2,10,11,12,8,-69,-72,-72,-72,-74,46.03005133
2,10,11,12,8,-69,-72,-72,-72,-74,46.73621381
2,10,11,12,8,-69,-72,-72,-72,-74,44.42402249
2,10,11,12,8,-69,-72,-72,-72,-74,45.41107005
2,10,11,12,8,-69,-72,-72,-72,-74,43.03451643
2,10,11,12,8,-69,-72,-72,-72,-74,41.41043464
2,10,11,12,8,-69,-72,-72,-72,-74,42.41270331
2,10,11,12,8,-69,-72,-72,-72,-74,46.44821598
2,10,11,12,8,-69,-72,-72,-72,-74,45.94922788
2,10,11,12,8,-69,-72,-72,-72,-74,38.30773319
2,10,11,12,8,-69,-72,-72,-72,-74,40.53672501
2,10,11,12,8,-69,-72,-72,-72,-74,38.68548845
2,10,11,12,8,-69,-72,-72,-72,-74,38.50088302
2,10,11,12,8,-69,-72,-72,-72,-74,39.59679133
2,10,11,12,8,-69,-72,-72,-72,-74,42.8358399
2,10,11,12,8,-69,-72,-72,-72,-74,43.71003057
2,10,11,12,8,-69,-72,-72,-72,-74,46.8400182
2,10,11,12,8,-69,-72,-72,-72,-74,41.34487491
2,10,11,12,8,-69,-72,-72,-72,-74,41.47300927
2,10,11,12,8,-69,-72,-72,-72,-74,42.45688875
2,10,11,12,8,-69,-72,-72,-72,-74,42.74175268
2,10,11,12,8,-69,-72,-72,-72,-74,39.54655707
2,10,11,12,8,-69,-72,-72,-72,-74,38.64288686
2,10,11,12,8,-69,-72,-72,-72,-74,35.88030095
2,10,11,12,8,-69,-72,-72,-72,-74,35.05001484
2,10,11,12,8,-69,-72,-72,-72,-74,35.05001484
2,10,11,12,8,-69,-72,-72,-72,-74,35.05001484
2,10,11,12,8,-69,-72,-72,-72,-74,35.05001484
2,10,11,12,8,-69,-72,-72,-72,-74,35.05001484
2,10,11,12,8,-69,-72,-72,-72,-74,35.05001484
2,10,11,12,8,-69,-72,-72,-72,-74,35.05001484
2,10,11,12,8,-69,-72,-72,-72,-74,35.05001484
2,10,11,12,8,-69,-72,-72,-72,-74,33.61039195
2,10,11,12,8,-69,-72,-72,-72,-74,39.61869343
7,0,33,34,35,-85,-86,-89,-89,-89,38.59424658
31,29,2,19,20,-69,-70,-72,-73,-73,37.7639684
31,29,2,19,20,-69,-70,-72,-73,-73,36.0771167
0,3,7,1,4,-87,-87,-89,-91,-97,40.70506683
0,3,7,1,4,-87,-87,-89,-91,-97,28.76610452
0,3,33,34,35,-87,-87,-89,-89,-89,35.04344054
0,3,33,34,35,-83,-87,-89,-89,-89,30.53386871
0,3,33,34,35,-83,-87,-89,-89,-89,27.29432922
0,3,33,34,35,-83,-87,-89,-89,-89,33.90600158
0,3,33,34,35,-83,-87,-89,-89,-89,32.39919011
0,3,33,34,35,-83,-87,-89,-89,-89,31.73682521
0,3,33,34,35,-83,-87,-89,-89,-89,34.81422165
0,3,33,34,35,-83,-87,-89,-89,-89,34.43732099
0,3,33,34,35,-83,-87,-89,-89,-89,34.8158766
0,3,33,34,35,-83,-87,-89,-89,-89,36.75537568
0,3,33,34,35,-83,-87,-89,-89,-89,36.14281703
0,3,33,34,35,-83,-87,-89,-89,-89,34.83670578
0,3,33,34,35,-83,-87,-89,-89,-89,34.26971982
0,3,33,34,35,-83,-87,-89,-89,-89,37.08618354
0,3,33,34,35,-83,-87,-89,-89,-89,42.04918878
0,3,33,34,35,-83,-87,-89,-89,-89,42.63915065
0,3,33,34,35,-83,-87,-89,-89,-89,48.65829967
0,3,33,34,35,-83,-87,-89,-89,-89,44.85515562
0,3,33,34,35,-83,-87,-89,-89,-89,43.34452448
0,3,33,34,35,-83,-87,-89,-89,-89,44.47816326
0,3,33,34,35,-83,-87,-89,-89,-89,46.18816866
0,3,33,34,35,-83,-87,-89,-89,-89,46.70952564
0,3,33,34,35,-83,-87,-89,-89,-89,49.02326755
0,3,33,34,35,-83,-87,-89,-89,-89,49.81732254
0,3,33,34,35,-83,-87,-89,-89,-89,48.51859894
0,3,33,34,35,-83,-87,-89,-89,-89,49.30772464
0,3,33,34,35,-83,-87,-89,-89,-89,50.88983343
0,3,33,34,35,-83,-87,-89,-89,-89,51.09699435
4,29,50,31,30,-84,-84,-85,-85,-85,54.00063521
4,29,50,31,30,-84,-84,-85,-85,-85,52.23698767
4,29,50,31,30,-84,-84,-85,-85,-85,50.85526817
4,29,50,31,30,-84,-84,-85,-85,-85,49.56003698
4,29,50,31,30,-84,-84,-85,-85,-85,50.17772369
6,2,5,50,49,-82,-85,-87,-92,-92,43.82012238
6,2,5,50,49,-82,-85,-87,-92,-92,37.69060447
5,2,50,52,53,-84,-90,-91,-91,-91,37.09931443
5,2,50,52,53,-84,-90,-91,-91,-91,38.60484722
6,8,11,9,10,-74,-77,-77,-77,-77,34.81851314
6,8,11,9,10,-74,-77,-77,-77,-77,35.36372633
6,8,11,9,10,-74,-77,-77,-77,-77,38.99561461
6,8,11,9,10,-74,-77,-77,-77,-77,35.49637897
6,8,11,9,10,-74,-77,-77,-77,-77,35.82048715
6,8,11,9,10,-74,-77,-77,-77,-77,36.89063493
6,8,11,9,10,-74,-77,-77,-77,-77,35.67780831
6,8,11,9,10,-74,-77,-77,-77,-77,36.28980338
6,8,11,9,10,-74,-77,-77,-77,-77,36.3458391
41,39,42,38,40,-60,-60,-61,-61,-61,38.56451005
41,39,42,38,40,-60,-60,-61,-61,-61,39.23325647
41,39,42,38,40,-55,-55,-56,-56,-56,38.86707993
41,39,42,38,40,-55,-55,-56,-56,-56,40.21365668
41,39,42,38,40,-55,-55,-56,-56,-56,38.37389936
41,39,42,38,40,-55,-55,-56,-56,-56,37.50580684
41,39,42,38,40,-55,-55,-56,-56,-56,36.44582579
41,39,42,38,40,-55,-55,-56,-56,-56,38.55557797
41,39,42,38,40,-55,-55,-56,-56,-56,39.24963301
41,39,42,38,40,-55,-55,-56,-56,-56,36.54955366
41,39,42,38,40,-55,-55,-56,-56,-56,37.60143021
41,39,42,38,40,-55,-55,-56,-56,-56,36.50275902
41,39,42,38,40,-55,-55,-56,-56,-56,34.67844406
41,42,38,39,40,-73,-73,-73,-73,-73,35.76545605
41,42,38,39,40,-73,-73,-73,-73,-73,35.4579709
41,42,38,39,40,-73,-73,-73,-73,-73,36.40937151
41,42,38,39,40,-73,-73,-73,-73,-73,34.80480938
41,42,38,39,40,-73,-73,-73,-73,-73,36.19024911
41,42,38,39,40,-73,-73,-73,-73,-73,36.559455
41,42,38,39,40,-73,-73,-73,-73,-73,37.774041
41,42,38,39,40,-73,-73,-73,-73,-73,39.6449298
41,42,38,39,40,-73,-73,-73,-73,-73,41.18164169
41,42,38,39,40,-73,-73,-73,-73,-73,41.03324324
41,42,38,39,40,-73,-73,-73,-73,-73,40.50928683
41,42,38,39,40,-73,-73,-73,-73,-73,42.72446469
41,42,38,39,40,-73,-73,-73,-73,-73,43.07619804
41,42,38,39,40,-73,-73,-73,-73,-73,43.23345878
49,50,51,52,53,-69,-69,-70,-70,-70,43.48013308
49,50,51,52,53,-69,-69,-70,-70,-70,43.17540928
49,50,51,52,53,-69,-69,-70,-70,-70,42.91258545
49,50,51,52,53,-69,-69,-70,-70,-70,39.0742701
49,50,51,52,53,-73,-73,-73,-73,-74,36.36947412
49,50,51,52,53,-73,-73,-73,-73,-74,35.97777804
49,50,51,52,53,-73,-73,-73,-73,-74,37.69284723
49,50,51,52,53,-73,-73,-73,-73,-74,37.48367809
49,50,51,52,53,-73,-73,-73,-73,-74,39.71012058
49,50,51,52,53,-73,-73,-73,-73,-74,42.61883948
49,50,51,52,53,-73,-73,-73,-73,-74,47.16517736
49,50,51,52,53,-73,-73,-73,-73,-74,46.09015611
49,50,51,52,53,-73,-73,-73,-73,-74,48.92851929
49,50,51,52,53,-73,-73,-73,-73,-74,51.72855364
49,50,51,52,53,-73,-73,-73,-73,-74,47.13247257
49,50,51,52,53,-73,-73,-73,-73,-74,43.8024128
49,50,51,52,53,-73,-73,-73,-73,-74,43.99102275
49,50,51,52,53,-73,-73,-73,-73,-74,41.58216611
14,18,15,16,17,-50,-59,-60,-60,-60,34.13249331
14,18,15,16,17,-50,-59,-60,-60,-60,34.15263304
14,15,16,17,18,-47,-49,-49,-49,-49,34.61676875
14,15,17,18,16,-50,-52,-53,-53,-55,35.07541923
15,16,17,14,18,-53,-53,-53,-53,-54,35.88248677
14,15,16,17,18,-58,-60,-60,-60,-60,36.14853459
14,15,17,18,16,-54,-59,-59,-59,-60,35.97725383
14,15,16,17,18,-56,-61,-62,-62,-62,34.5175878
14,15,16,17,18,-56,-61,-62,-62,-62,34.77515319
14,39,44,45,48,-54,-67,-69,-69,-69,34.87181815
14,39,44,45,48,-54,-67,-69,-69,-69,40.60850326
14,15,16,17,18,-57,-61,-61,-61,-62,40.66425387
16,17,18,15,14,-55,-55,-55,-56,-57,40.2193024
16,17,18,15,14,-55,-55,-55,-56,-57,38.89855126
14,15,16,17,18,-55,-57,-57,-57,-57,38.16375464
14,18,15,16,17,-53,-54,-55,-55,-55,35.61193908
14,18,15,16,17,-53,-54,-55,-55,-55,36.57072891
15,16,17,18,42,-57,-57,-57,-57,-60,35.56542442
15,16,17,18,42,-57,-57,-57,-57,-60,31.35272666
15,16,17,18,14,-52,-52,-52,-52,-60,32.59339608
